second_category_id,product_name,price,product_feature,quantity
1,[구찌 포터] 기내용 플러스 트롤리,4600000,하우스 러기지 세계의 시작과 런던 사보이 호텔에서 생긴 구찌오 구찌의 추억을 반영한 여행 아이템은 현대적인 스타일을 담아내며 한층 진화했습니다. 캐빈 트롤리는 실버 알루미늄과 베이지/에보니 GG 수프림 캔버스의 독특한 조합이 돋보입니다. ,50
1,[구찌 포터] 기내용 플러스 트롤리,4600000,하우스 러기지 세계의 시작과 런던 사보이 호텔에서 생긴 구찌오 구찌의 추억을 반영한 여행 아이템은 현대적인 스타일을 담아내며 한층 진화했습니다. 캐빈 트롤리는 실버 알루미늄과 그레이 GG 수프림 캔버스의 독특한 조합이 돋보입니다. ,50
1,[구찌 포터] 캐빈 플러스 트롤리 & 스트랩 ,4600000,하우스 러기지 세계의 시작과 런던 사보이 호텔에서 생긴 구찌오 구찌의 추억을 반영한 여행 아이템은 현대적인 스타일을 담아내며 한층 진화했습니다. 캐빈 트롤리는 실버 알루미늄이 돋보이며 수트케이스를 보호하는 그린/레드 웹(Web) 러기지 스트랩으로 완성되었습니다.,50
1,점보 GG 캐빈 스몰 트롤리,4400000,"2023 봄 여름 컬렉션을 맞아 올블랙 디자인으로 선보여 시선을 사로잡는 점보 GG 라인의 시그니처 러기지 아이템. 창립자 구찌오 구찌(Guccio Gucci)의 이니셜을 재해석한 GG를 맥시 사이즈로 장식해 독특한 로고 감성을 드리움. 토널 레더 트리밍과 탈부착 가능한 ID 태그, 자물쇠 및 키홀더로 완성한 기내용 스몰 트롤리.",50
1,[구찌 사보이] 기내용 스몰 트롤리,4100000,유서 깊은 소재를 반영한 GG 수프림을 구찌 러브 퍼레이드에서 블루/베이지 컬러의 타임리스 믹스 스타일로 선보임. 캔버스는 수십 년 동안 각 컬렉션의 전면에 나서며 하우스의 상징으로 자리잡음. 클래식 팔레트로 대표되는 구찌 사보이 캐리온 트롤리.,50
1,[구찌 사보이] 기내용 스몰 트롤리,4100000,1930년대 아카이브 디자인에서 영감을 받아 탄생한 GG 수프림 캔버스는 하우스의 가장 상징적인 소재로 자리잡음. 전통적으로 베이지/에보니 컬러로 선보이며 타임리스 아이템과 시간이 지나도 변함없는 디자인을 기념함. 브라운 레더 트리밍으로 완성된 구찌 사보이 스몰 캐리온. 그린/레드 웹(Web) 디테일이 하우스 아카이브를 은은하게 연상시킴.,50
1,[구찌 사보이] 미디엄 트롤리,4400000,유서 깊은 소재를 반영한 GG 수프림을 구찌 러브 퍼레이드에서 블루/베이지 컬러의 타임리스 믹스 스타일로 선보임. 캔버스는 수십 년 동안 각 컬렉션의 전면에 나서며 하우스의 상징으로 자리잡음. 클래식 팔레트로 대표되는 구찌 사보이 미디엄 캐리온 트롤리.,50
1,[구찌 사보이] 라지 트롤리,4800000,유서 깊은 소재를 반영한 GG 수프림을 구찌 러브 퍼레이드에서 블루/베이지 컬러의 타임리스 믹스 스타일로 선보임. 캔버스는 수십 년 동안 각 컬렉션의 전면에 나서며 하우스의 상징으로 자리잡음. 클래식 팔레트로 대표되는 구찌 사보이 라지 캐리온 트롤리.,50
1,[구찌 사보이] 라지 트롤리,4800000,1930년대 아카이브 디자인에서 영감을 받아 탄생한 GG 수프림 캔버스는 하우스의 가장 상징적인 소재로 자리잡음. 전통적으로 베이지/에보니 컬러로 선보이며 타임리스 아이템과 시간이 지나도 변함없는 디자인을 기념함. 브라운 레더 트리밍으로 완성된 구찌 사보이 라지 캐리온. 그린/레드 웹(Web) 디테일이 하우스 아카이브를 은은하게 연상시킴.,50
1,[구찌 사보이] 미디엄 트롤리,4400000,1930년대 아카이브 디자인에서 영감을 받아 탄생한 GG 수프림 캔버스는 하우스의 가장 상징적인 소재로 자리잡음. 전통적으로 베이지/에보니 컬러로 선보이며 타임리스 아이템과 시간이 지나도 변함없는 디자인을 기념함. 브라운 레더 트리밍으로 완성된 구찌 사보이 미디엄 캐리온. 그린/레드 웹(Web) 디테일이 하우스 아카이브를 은은하게 연상시킴.,50
1,인터로킹 G GG 기내용 스몰 트롤리,4100000,런던의 사보이 호텔에서 시작된 구찌오 구찌(Guccio Gucci)의 사회 경험과 빈티지 여행에서 영감을 받은 구찌의 최신 베이지/에보니 GG 수프림 캔버스 소재 러기지 제품이 헤리티지 아이템을 현대적인 일상 패션소품으로 재해석해 선보임. 인터로킹 G 태그로 스몰 트롤리를 완성함.,50
1,인터로킹 G 기내용 스몰 트롤리,4100000,구찌 러브 퍼레이드의 러기지 셀렉션에 깃든 타임리스 감성으로 선보이는 우아한 블랙 GG 수프림 소재의 바퀴 4개 달린 스몰 캐리온. 친환경 공정으로 제작된 캔버스는 수십 년 동안 각 컬렉션의 전면에 나서며 하우스의 상징으로 자리잡음. 인터로킹 G 레더 태그로 디자인을 완성함.,50
1,[구찌 사보이] 캐빈 플러스 트롤리,4100000,한눈에 알아볼 수 있는 하우스의 상징적 요소인 GG 모티브와 웹(Web) 스트라이프의 조합. 구찌 코스모고니를 통해 계속 진화한 구찌 사보이 라인은 클래식한 형태를 새로운 색상으로 재해석해 모던하고 세련된 아이템을 탄생시킴. 시그니처 베이지/에보니 GG 수프림 캔버스로 선보이는 트롤리.,50
1,점보 GG 캐빈 스몰 트롤리,4400000,"구찌 아리아 컬렉션에서 첫선을 보인 점보 버전의 상징적인 GG 모티브를 시그니처 러기지 아이템에 장식해 뚜렷한 로고 감성을 불어넣은 디자인. 시그니처 그린/레드 하우스 웹(Web)으로 포인트를 준 캐리온 트롤리로, 1970년대의 구찌 아카이브 벨트 버클에 현대적인 감성을 부여함.",50
1,"GG 수프림 라지 트롤리
",4800000,빈티지 감성의 디자인으로 선보이는 구찌 러브 퍼레이드의 러기지 라인. 유서 깊은 GG 수프림 캔버스 소재의 블랙 버전을 사용해 시대를 초월하는 매력을 자아내는 라지 미디엄 수트케이스. 블랙 레더 트리밍으로 완성함.  ,50
1,"GG 수프림 미디엄 트롤리
",4400000,빈티지 감성의 디자인으로 선보이는 구찌 러브 퍼레이드의 러기지 라인. 유서 깊은 GG 수프림 캔버스 소재의 블랙 버전을 사용해 시대를 초월하는 매력을 자아내는 미디엄 수트케이스. 블랙 레더 트리밍으로 완성함.  ,50
1,[구찌 사보이] 캐빈 스몰 트롤리,4100000,한눈에 알아볼 수 있는 하우스의 상징적 요소인 GG 모티브와 웹(Web) 스트라이프의 조합. 구찌 코스모고니를 통해 계속 진화한 구찌 사보이 라인은 클래식한 형태를 새로운 색상으로 재해석해 모던하고 세련된 아이템을 탄생시킴. 베이지/블루 GG 수프림 캔버스로 선보이는 기내용 스몰 트롤리.,50
2,웹(Web) 라지 더플백,2190000,광택 있는 표면과 뛰어난 내구성이 특징인 GG 크리스털 캔버스가 남성 패션소품 라인에 어우러져 기존 하우스 디자인에 현대적인 감각을 더함. 상징적인 그린/레드 웹(Web)으로 한층 돋보이는 더플백. ,50
2,웹(Web) 라지 더플백,2190000,광택 있는 표면과 뛰어난 내구성이 특징인 GG 크리스털 캔버스가 남성 패션소품 라인에 어우러져 기존 하우스 디자인에 현대적인 감각을 더함. 상징적인 그린/레드 웹(Web)으로 한층 돋보이는 더플백. ,50
2,웹(Web) 라지 더플백,2190000,광택 있는 표면과 뛰어난 내구성이 특징인 GG 크리스털 캔버스가 남성 패션소품 라인에 어우러져 기존 하우스 디자인에 현대적인 감각을 더함. 상징적인 그린/레드 웹(Web)으로 한층 돋보이는 더플백. ,50
2,웹(Web) 라지 더플백,2190000,1930년대의 아카이브 디자인에 영감을 받아 탄생한 하우스의 가장 상징적인 소재 중 하나인 GG 수프림. 클래식 팔레트로 물든 더플백. 그린/레드 웹(Web)으로 트래블 아이템을 완성함.,50
2,GG 가먼트백,3100000,1930년대의 아카이브 디자인에 영감을 받아 탄생한 하우스의 가장 상징적인 소재 중 하나인 GG 수프림. 클래식 팔레트로 물든 가먼트백. 그린/레드 웹(Web)으로 디자인을 완성함.,50
2,[구찌 사보이] 스몰 더플백,3200000,베이지/에보니 GG 수프림 캔버스 소재의 구찌 사보이 더플백. 아카이브 디자인 요소인 더블 G와 웹(Web)으로 하우스의 창립자에 대한 경의를 표하며 완성된 실루엣. 탈부착 가능한 스트랩을 이용해 어깨에도 착용 가능한 디자인. ,50
2,[구찌 사보이] 미디엄 볼링백,3000000,한눈에 알아볼 수 있는 하우스의 상징적 요소인 GG 모티브와 웹(Web) 스트라이프의 조합. 구찌 코스모고니를 통해 계속 진화한 구찌 사보이 라인은 클래식한 형태를 새로운 색상으로 재해석해 모던하고 세련된 아이템을 탄생시킴. 더블 탑 핸들과 탈부착 가능한 숄더 스트랩이 돋보이는 미디엄 더플백.,50
2,[구찌 사보이] 라지 볼링백,3400000,한눈에 알아볼 수 있는 하우스의 상징적 요소인 GG 모티브와 웹(Web) 스트라이프의 조합. 구찌 코스모고니를 통해 계속 진화한 구찌 사보이 라인은 클래식한 형태를 새로운 색상으로 재해석해 모던하고 세련된 아이템을 탄생시킴. 더블 탑 핸들과 탈부착 가능한 숄더 스트랩이 돋보이는 라지 더플백.,50
2,[구찌 사보이] 라지 더플백,3500000,"베이지/에보니 GG 수프림 캔버스에 하우스 웹(Web)과 더블 G 메탈 장식을 특별하게 조합하여 구찌 사보이 라인으로 선보인 더플백. 탑 핸들 디자인에 조절 가능한 캔버스 스트랩이 추가되어 숄더백으로 사용 가능한 디자인. 안전한 지퍼 클로저로 실루엣 완성함.
",50
2,[오피디아] GG 라지 토트백,1950000,패션은 계절과 시대에 구애받지 않아야 한다는 메시지를 전달하는 하우스 컬렉션. 변치 않는 구찌오 구찌(Guccio Gucci) 모노그램이 새로운 디자인에 로고 감성을 더함. 클래식한 베이지/에보니 GG 수프림 캔버스로 선보이는 그린/레드 웹(Web) 스트라이프 장식의 오피디아 토트백.,50
2,[구찌 사보이] 미디엄 더플백,2850000,"그린 & 레드 웹(Web) 스트라이프가 돋보이는 부드러운 GG 수프림 캔버스 소재의 더플백을 선보이며 진화한 구찌 사보이 세계. 1970년대 구찌 아카이브에서 차용한 벨트 버클을 현대적으로 재해석한 아이템으로 텍스처드 레더 탭 디테일의 더블 G 장식이 돋보이는 스타일. 탈착 및 조절 가능한 스트랩, 클로저 및 키 홀더, 러기지 태그가 함께 제공됨.",50
2,[구찌 사보이] 라지 더플백,3200000,"그린 & 레드 웹(Web) 스트라이프가 돋보이는 부드러운 GG 수프림 캔버스 소재의 더플백을 선보이며 진화한 구찌 사보이 세계. 1970년대 구찌 아카이브에서 차용한 벨트 버클을 현대적으로 재해석한 아이템으로 텍스처드 레더 탭 디테일의 더블 G 장식이 돋보이는 스타일. 탈착 및 조절 가능한 스트랩, 클로저 및 키 홀더, 러기지 태그가 함께 제공됨.",50
2,"[구찌 사보이] 맥시 더플백
",3800000,"GG 수프림 캔버스에 하우스 웹(Web)과 더블 G 메탈 장식을 조합하여 구찌 사보이 라인으로 선보인 더플백. 탑 핸들 디자인에 탈부착 가능한 스트랩이 추가되어 숄더백으로 사용 가능한 디자인. 안전한 지퍼 클로저와 내부 포켓 2개로 실루엣 완성함.
",50
2,[구찌 사보이] 가먼트백,4800000,매 시즌 시대를 초월하는 감성의 베이지/에보니 조합으로 선보이는 GG 수프림. 친환경 공정으로 제작된 캔버스는 수십 년 동안 각 컬렉션의 전면에 나서며 하우스의 상징으로 자리잡음. 유서 깊은 컬러 팔레트인 그린/레드 웹(Web)으로 구찌 사보이 가먼트백을 완성함.,50
2,인터로킹 G 라지 더플백,3500000,구찌 하우스 역사상 가장 상징적인 코드로 자리잡은 인터로킹 G. 독창적인 엠블럼을 레더 디테일로 장식해 창립자 구찌오 구찌(Guccio Gucci)를 은은하게 연상시키는 빈티지 스타일의 라지 더플백. 우아한 브라운 레더 트리밍과 조화를 이루는 시그니처 GG 수프림 캔버스로 디자인의 로고 감성을 완성함. ,50
2,인터로킹 G 라지 더플백,3500000,구찌 하우스 역사상 가장 상징적인 코드로 자리잡은 인터로킹 G. 독창적인 엠블럼을 레더 디테일로 장식해 창립자 구찌오 구찌(Guccio Gucci)를 은은하게 연상시키는 빈티지 스타일의 라지 더플백. 블랙 컬러 버전의 GG 수프림 캔버스로 디자인의 로고 감성을 완성함. ,50
2,인터로킹 G 더플백,3200000,구찌 하우스 역사상 가장 상징적인 코드로 자리잡은 인터로킹 G. 독창적인 엠블럼을 레더 디테일로 장식해 창립자 구찌오 구찌(Guccio Gucci)를 은은하게 연상시키는 빈티지 스타일의 더플백. 우아한 브라운 레더 트리밍과 조화를 이루는 시그니처 GG 수프림 캔버스로 디자인의 로고 감성을 완성함. ,50
2,인터로킹 G 더플백,3200000,구찌 하우스 역사상 가장 상징적인 코드로 자리잡은 인터로킹 G. 독창적인 엠블럼을 레더 디테일로 장식해 창립자 구찌오 구찌(Guccio Gucci)를 은은하게 연상시키는 더플백. 블랙 레더 트리밍과 조화를 이루는 현대적인 블랙 GG 수프림 캔버스로 디자인의 로고 감성을 완성함. ,50
2,[구찌 사보이] 스몰 볼링 토트백,3200000,베이지/에보니 GG 수프림 캔버스 소재의 스몰 구찌 사보이 더플백. 아카이브 디자인 요소인 더블 G와 웹(Web)으로 하우스의 창립자에 대한 경의를 표하며 완성된 실루엣. 탈부착 가능한 스트랩을 이용해 어깨에도 착용 가능한 디자인. ,50
2,[구찌 사보이] 스몰 더플백,4000000,구찌 컬러 팔레트가 섬세한 컬러를 포용하며 진화를 거듭함. 새로운 색상 및 컬러 조합을 통해 현대적인 감성으로 재해석한 시그니처 스타일. 시선을 사로잡는 레드 레더로 선보이는 골드 톤 더블 G 메탈 장식 및 웹(Web) 스트라이프 디테일의 구찌 사보이 스몰 더플백.,50
2,[구찌 사보이] 스몰 더플백,4000000,구찌 컬러 팔레트가 섬세한 컬러를 포용하며 진화를 거듭함. 새로운 색상 및 컬러 조합을 통해 현대적인 감성으로 재해석한 시그니처 스타일. 독특한 그린 레더로 선보이는 골드 톤 더블 G 메탈 장식 및 웹(Web) 스트라이프 디테일의 구찌 사보이 스몰 더플백.,50
2,"[구찌 사보이] 라지 더플백
",4700000,"섬세한 색조를 포용하며 진화를 거듭하는 구찌 컬러 팔레트. 새로운 컬러웨이와 조합으로 현대적인 매력을 더해 시그니처 스타일을 재해석함. 독특한 그린 레더로 선보이는 골드 톤 더블 G 메탈 장식 및 웹(Web) 스트라이프 디테일의 구찌 사보이 더플백.
",50
2,GG 크리스털 메신저백,2040000,광택 있는 표면과 뛰어난 내구성이 특징인 GG 크리스털 캔버스가 남성 패션소품 라인에 어우러져 기존 하우스 디자인에 현대적인 감각을 더함. 상징적인 그린/레드 웹(Web)으로 한층 돋보이는 메신저백.,50
2,점보 GG 라지 토트백,3200000,"헤리티지와 창의성, 혁신을 다채로운 컬렉션을 통해 표현하는 구찌. 기본 아이템부터 독특한 패션소품까지, 데일리웨어부터 특별한 날을 위한 아이템까지 널리 사랑받는 하우스 모티브로 장식한 최신 레더 소품. 새로운 러기지 라인에서 점보 GG 오렌지 레더로 선보이는 라지 토트백. ",50
2,점보 GG 라지 토트백,3200000,2023 프리폴 컬렉션에서 레더 아이템 셀렉션을 통해 다시 한번 선보이는 올블랙 점보 GG 디자인. 창립자 구찌오 구찌(Guccio Gucci)의 이니셜을 재해석한 하우스의 시그니처 GG 모티브를 맥시 사이즈로 표현해 독보적인 로고 감성을 자아냄. 시그니처 모티브로 장식한 라지 토트백.,50
2,점보 GG 스몰 더플백,4900000,창립자 구찌오 구찌(Guccio Gucci)의 이니셜을 재해석한 하우스의 시그니처 점보 GG 모티브를 맥시 사이즈로 표현해 독보적인 로고 감성을 자아냄. 올블랙 버전 엠블럼이 돋보이는 스몰 더플백.,50
2,점보 GG 라지 더플백,5300000,창립자 구찌오 구찌(Guccio Gucci)의 이니셜을 재해석한 하우스의 시그니처 점보 GG 모티브를 맥시 사이즈로 표현해 독보적인 로고 감성을 자아냄. 올블랙 버전 엠블럼이 돋보이는 라지 더플백.,50
2,GG 라지 더플백,3500000,"재생 소재 및 트리밍으로 제작된 패션소품 및 레디-투-웨어 라인의 더플백으로 지속 가능성에 대한 하우스의 신념을 표현함. 구찌 서큘러 라인의 첫 컬렉션으로 순환 생산이라는 하우스의 비전을 위해 탄생한 구찌 오프 더 그리드. 환경에 대한 영향을 고려하여 재활용 소재 및 유기농, 친환경, 지속 가능한 소재를 사용한 구찌 오프 더 그리드 디자인.",50
2,인터로킹 G 가먼트백,4800000,매 시즌 시대를 초월하는 감성의 베이지/에보니 조합으로 선보이는 GG 수프림. 오리지널 GG 캔버스는 수십 년 동안 각 컬렉션의 전면에 나서며 하우스의 상징으로 자리잡음. 유서 깊은 컬러 팔레트가 돋보이는 오피디아 가먼트백을 인터로킹 G 레더 태그로 완성함.,50
2,[오피디아] 미디엄 GG 토트백,1810000,아카이브에서 가져온 헤리티지 소재인 GG 수프림을 구찌 러브 퍼레이드에서 다양한 컬러 조합과 컨템포러리 및 클래식 스타일을 더해 재해석함. 베이지/화이트 버전의 시그니처 소재로 제작하고 토널 트리밍으로 마무리한 오피디아 토트백. 1930년대 디자인에 처음 등장한 캔버스가 컬렉션 전반에 흐르는 유서 깊은 내러티브를 전달함.,50
2,[오피디아] 라지 토트백,1950000,패션은 계절과 시대에 구애받지 않아야 한다는 메시지를 전달하는 하우스 컬렉션. 변치 않는 구찌오 구찌(Guccio Gucci) 모노그램이 새로운 디자인에 로고 감성을 더함. 유서 깊은 GG 수프림 캔버스의 베이지/블루 버전으로 선보이는 웹(Web) 스트라이프 장식의 오피디아 토트백.,50
2,[구찌 사보이] 라지 더플백,3500000,베이지/블루 GG 수프림 캔버스에 하우스 웹(Web)과 더블 G 메탈 장식을 특별하게 조합하여 구찌 사보이 라인으로 선보인 더플백. 탑 핸들 디자인에 조절 가능한 캔버스 스트랩이 추가되어 숄더백으로 사용 가능한 디자인. 안전한 지퍼 클로저로 실루엣 완성함.,50
2,[구찌 사보이] 가먼트백,4800000,유서 깊은 소재를 반영한 GG 수프림을 구찌 러브 퍼레이드에서 블루/베이지 컬러의 타임리스 믹스 스타일로 선보임. 친환경 공정으로 제작된 캔버스는 수십 년 동안 각 컬렉션의 전면에 나서며 하우스의 상징으로 자리잡음. 클래식 팔레트가 돋보이는 구찌 사보이 가먼트백.,50
2,[오피디아] 미디엄 GG 토트백,1810000,유서 깊은 소재를 반영한 GG 수프림을 구찌 러브 퍼레이드에서 블루/베이지 컬러의 타임리스 믹스 스타일로 선보임. 캔버스는 수십 년 동안 각 컬렉션의 전면에 나서며 하우스의 상징으로 자리잡음. 클래식 팔레트로 대표되는 미디엄 사이즈 오피디아 토트백. 레드/블루 웹(Web) 스트라이프로 완성.,50
2,점보 GG 베이비 체인징백,2620000,키즈웨어와 유아용품으로 범위를 넓혀 레더 아이템을 다양하게 선보이는 구찌. 블랙 점보 GG 캔버스 소재에 새로워진 시그니처 하우스 로고를 장식한 베이비 체인징백.,50
2,더블 G 크로커다일 더플백,80300000,17세기로 기원을 거슬러 올라가는 수수한 더플백은 다양성과 실용성이 돋보이는 아이템. 2023 프리폴 시즌에서는 시간을 초월하는 매력의 트래블 패션소품을 본래의 기능에 충실하면서도 고급스러운 소재로 재해석해 선보임. 100% 블루 크로커다일 레더로 완성된 럭셔리한 디자인.,50
3,웹(Web) 코스메틱 케이스,1080000,광택 있는 표면과 뛰어난 내구성이 특징인 GG 크리스털 캔버스가 남성 패션소품 라인에 어우러져 기존 하우스 디자인에 현대적인 감각을 더함. 상징적인 그린/레드 웹(Web)으로 한층 돋보이는 코스메틱 케이스. ,50
3,웹(Web) 코스메틱 케이스,1080000,광택 있는 표면과 뛰어난 내구성이 특징인 GG 크리스털 캔버스가 남성 패션소품 라인에 어우러져 기존 하우스 디자인에 현대적인 감각을 더함. 상징적인 그린/레드 웹(Web)으로 한층 돋보이는 코스메틱 케이스. ,50
3,[구찌 사보이] 웹(Web) 코스메틱 케이스,870000,1960년대 하우스 컬렉션에 등장한 이래로 수없이 재해석된 GG 수프림. 상징적인 수프림 캔버스로 한층 새롭게 선보이는 시그니처 레더 아이템. 더블 G 메탈 장식과 그린/레드 웹(Web) 스트라이프로 완성한 코스메틱 케이스.,50
3,웹(Web) 코스메틱 케이스,1080000,1930년대의 아카이브 디자인에 영감을 받아 탄생한 하우스의 가장 상징적인 소재 중 하나인 GG 수프림. 클래식한 컬러를 입힌 캔버스로 세월이 흘러도 변치 않는 매력의 디자인을 완성한 코스메틱 케이스. 그린/레드 웹(Web)을 장식해 한층 돋보이는 실루엣.,50
3,[구찌 포터] 뷰티 케이스,3100000,2023 봄 여름 컬렉션 라인에서 알루미늄 기내용 트롤리를 작은 코스메틱 케이스로 선보임. 튼튼하고 안정적인 하드 사이드 디자인. 시그니처 GG 수프림 캔버스가 현대적인 패션소품에 아카이브 감성을 불어넣음.,50
3,[구찌 포터] 뷰티 케이스,3100000,2023 봄 여름 컬렉션 라인에서 알루미늄 기내용 트롤리를 작은 코스메틱 케이스로 선보임. 튼튼하고 안정적인 하드 사이드 디자인. 시그니처 GG 수프림 캔버스가 현대적인 패션소품에 아카이브 감성을 불어넣음.,50
3,러기지 엘라스틱 웹(Web) 밴드,600000,아카이브 스타일의 하우스 웹(Web) 컬러로 선보이는 그린/레드 엘라스틱 러기지 스트랩. 블랙 레더 트리밍과 버터플라이 락 클로저로 완성함. 여러 구찌 트롤리를 추가로 고정할 때 사용할 수 있는 아이템.,50
3,구찌 트래블러 러기지 스티커,160000,구찌 트래블러 라인의 다양한 러기지 스티커. 여러 러기지 디자인에 쉽게 붙일 수 있는 아이템. 진화를 거듭하는 하우스의 이야기를 풀어내는 다채롭고 유쾌한 디자인.,50
3,러기지 엘라스틱 웹(Web) 밴드,600000,아카이브 스타일의 하우스 웹(Web) 컬러로 선보이는 그린/레드 엘라스틱 러기지 스트랩. 브라운 레더 트리밍과 버터플라이 락 클로저로 완성함. 여러 구찌 트롤리를 추가로 고정할 때 사용할 수 있는 아이템.,50
3,GG 가먼트백,3100000,1930년대의 아카이브 디자인에 영감을 받아 탄생한 하우스의 가장 상징적인 소재 중 하나인 GG 수프림. 클래식 팔레트로 물든 가먼트백. 그린/레드 웹(Web)으로 디자인을 완성함.,50
3,인터로킹 G 코스메틱 케이스,1170000,1960년대에 하우스 컬렉션에 등장한 이래로 60여 년 동안 수없이 재해석된 GG 모티브. 수프림 캔버스 소재에 클래식한 베이지/에보니 버전으로 GG 패턴을 장식한 코스메틱 케이스. 토널 레더 트리밍과 타원형 레더 인터로킹 G 태그로 완성함.,50
3,인터로킹 G 코스메틱 케이스,1170000,1960년대에 하우스 컬렉션에 등장한 이래로 60여 년 동안 수없이 재해석된 GG 모티브. 수프림 캔버스 소재에 차분한 블랙 컬러로 GG 패턴을 장식한 코스메틱 케이스. 토널 레더 트리밍과 타원형 레더 인터로킹 G 태그로 완성함.,50
3,[구찌 사보이] 슈즈 케이스,2490000,구찌 헤리티지와 현대적인 감성이 어우러진 디자인을 꾸준히 선보이는 구찌 사보이. 웹(Web) 및 더블 G 메탈 장식의 아카이브 디테일 2가지를 조합한 오피디아 라인을 프리폴 컬렉션에서 새로운 쉐입과 크기로 소개함. 구찌 슈즈를 보관할 수 있도록 최신 컬렉션에서 선보인 슈즈 케이스. 슈즈에 녹아 있는 장인정신과 섬세한 감성을 그대로 선사함.,50
3,[구찌 사보이] 코스메틱 케이스,1300000,매일 꼭 필요한 필수품을 담아 어디서나 편하게 사용할 수 있는 디자인의 코스메틱 케이스. 구찌 사보이 라인에서 베이지/에보니 GG 수프림 소재로 선보이는 버전에 더블 G 메탈 장식을 넣어 완성함. 소지품을 효율적으로 정리할 수 있는 다양한 사이즈로 출시됨.,50
3,[구찌 사보이] 미디엄 코스메틱 케이스,890000,하우스 웹(Web)과 더블 G가 돋보이는 GG 수프림 캔버스 소재의 코스메틱 케이스를 선보이며 진화한 구찌 사보이 세계. 튼튼한 나일론과 오픈 포켓이 특징적인 지퍼 파우치.,50
3,웹(Web) 코스메틱 케이스,2040000,2023 프리폴 컬렉션을 맞아 선보이는 구찌 헤리티지와 현대적인 스타일이 만난 디자인. 그린/레드 웹(Web) 스트라이프로 선명한 대비감을 더하고 질감과 형태의 균형을 이룬 베이지 시어링 코스메틱 케이스.,50
3,[구찌 사보이] 코스메틱 케이스,1200000,매일 꼭 필요한 필수품을 담아 어디서나 편하게 사용할 수 있는 디자인의 코스메틱 케이스. 구찌 사보이 라인에서 베이지/에보니 GG 수프림 소재로 선보이는 버전에 더블 G 메탈 장식을 넣어 완성함. 소지품을 효율적으로 정리할 수 있는 다양한 사이즈로 출시됨.,50
3,[오피디아] GG 트래블 케이스,2270000,"럭셔리 여행에서 출발했던 브랜드의 기원을 반영한 구찌의 레더 소품 셀렉션에서 선보이는 스몰 사이즈의 트래블 패션소품. 브랜드 창립자의 이니셜을 표현한 여러 엠블럼으로 클래식하고도 우아한 로고 감성을 더한 디자인. 클래식 GG 수프림 캔버스로 선보이는 오피디아 트래블 케이스로, 지퍼 포켓과 아이폰 홀더로 내부 컴파트먼트를 깔끔하게 구성함.",50
3,[구찌 사보이] 케이블 케이스,880000,"구찌 헤리티지와 현대적인 감성이 어우러진 디자인을 꾸준히 선보이는 구찌 사보이. 웹(Web)과 더블 G 메탈 장식의 아카이브 디테일 2가지를 조합한 남성 케이블 케이스. 베이지/에보니 GG 수프림 캔버스 소재로, 지퍼 포켓 1개와 케이블을 정리할 수 있는 작은 엘라스틱 스트랩 8개로 내부를 구성함.",50
3,[오피디아] 라지 코스메틱 케이스,620000,오피디아 컬렉션에서 GG 수프림 캔버스와 브라운 레더 트리밍 디테일로 선보이는 지퍼 달린 코스메틱 케이스. 1930년대 선보인 오리지널 구찌 마름모 디자인에서 업그레이드되어 1970년대 처음 선보인 이래로 구찌 유산의 상징으로 자리잡은 GG 로고. 구찌의 뿌리를 상기시키는 시그니처 모티브와 웹(Web) 스트라이프의 시대를 초월하는 페어링이 돋보이는 파우치.,50
3,[오피디아] 파우치,1310000,오피디아 컬렉션에서 GG 수프림 캔버스와 브라운 레더 트리밍 디테일로 선보이는 지퍼 달린 파우치. 1930년대 선보인 오리지널 구찌 마름모 디자인에서 업그레이드되어 1970년대 처음 선보인 이래로 구찌 유산의 상징으로 자리잡은 GG 로고. 구찌의 뿌리를 상기시키는 시그니처 모티브와 웹(Web) 스트라이프의 시대를 초월하는 페어링이 돋보이는 파우치.,50
3,[오피디아] GG 코스메틱 케이스,1310000,지퍼가 달린 GG 수프림 캔버스 파우치. 구찌 하우스의 유서 깊은 상징이자 라인 특유의 그린/레드 웹(Web) 스트라이프와 더블 G 메탈 장식 디테일. 2020 크루즈 컬렉션에서 새로운 쉐입과 실루엣으로 선보이는 오피디아 라인.,50
3,[오피디아] 러기지 홀딩 스트랩,450000,대형 구찌 트롤리에 더플백을 연결하는 용도의 러기지 홀딩 스트랩. 2개의 아이템을 단단히 고정하는 후크 클래스프 클로저 덕분에 백이 여러 개일 때도 안심하고 여행할 수 있도록 돕는 디자인. 앞면에 하우스 네임을 장식한 블루 레더로 선보이는 버전.,50
3,"[오피디아] 러기지 홀딩 스트랩
",450000,대형 구찌 트롤리에 더플백을 연결하는 용도의 러기지 홀딩 스트랩. 2개의 아이템을 단단히 고정하는 후크 클래스프 클로저 덕분에 백이 여러 개일 때도 안심하고 여행할 수 있도록 돕는 디자인. 하우스 네임이 들어간 그레이 레더로 선보이는 버전.,50
3,[오피디아] 러기지 홀딩 스트랩,450000,대형 구찌 트롤리에 더플백을 연결하는 용도의 러기지 홀딩 스트랩. 2개의 아이템을 단단히 고정하는 후크 클래스프 클로저 덕분에 백이 여러 개일 때도 안심하고 여행할 수 있도록 돕는 디자인. 앞면에 하우스 네임을 장식한 브라운 레더로 선보이는 버전.,50
3,사각형 ID 트래블 태그,550000,"앞면에 섬세한 더블 G 인그레이빙을 더한 스몰 레더 패션소품으로, 실용적일 뿐만 아니라 모든 구찌 트래블 백과 자연스럽게 어울림. 조절 가능한 스트랩이 달려 손쉽게 연결할 수 있는 그레이 레더 ID 트래블 태그.",50
3,사각형 ID 트래블 태그,550000,"앞면에 섬세한 더블 G 인그레이빙을 더한 스몰 레더 패션소품으로, 실용적일 뿐만 아니라 모든 구찌 트래블 백과 자연스럽게 어울림. 조절 가능한 스트랩이 달려 손쉽게 연결할 수 있는 블루 레더 ID 트래블 태그.",50
3,사각형 ID 트래블 태그,550000,"앞면에 섬세한 더블 G 인그레이빙을 더한 스몰 레더 패션소품으로, 실용적일 뿐만 아니라 모든 구찌 트래블 백과 자연스럽게 어울림. 조절 가능한 스트랩이 달려 손쉽게 연결할 수 있는 브라운 레더 ID 트래블 태그.",50
3,점보 GG 스몰 코스메틱 케이스,1520000,창립자 구찌오 구찌(Guccio Gucci)의 이니셜을 재해석한 하우스의 시그니처 점보 GG 모티브를 맥시 사이즈로 표현해 독보적인 로고 감성을 자아냄. 올블랙 버전 엠블럼이 돋보이는 스몰 코스메틱 케이스.,50
3,점보 GG 파우치,1290000,브랜드를 대표하는 상징인 다양한 로고가 디자인에 새롭고 독창적인 감성을 더함. 하우스의 전통과 가치를 엿볼 수 있는 각 로고는 계속해서 착용할 수 있는 패션이라는 메시지를 전하는 매개체. 끊임없는 변화와 실험을 통해 다채롭게 재해석한 로고를 각 컬렉션을 통해 선보임. 유서 깊은 모노그램을 새롭게 해석한 점보 GG가 돋보이는 파우치.,50
3,GG 시계 케이스,1560000,2023 프리폴 러기지 컬렉션에서 널리 활용된 GG 모티브와 인터로킹 G 로고 디테일. 매일 사용할 수 있는 기능성을 겸비한 새로운 쉐입에 기존의 미학과 더불어 구찌의 현대적인 감각을 녹여냄. 클래식한 GG 수프림 캔버스 소재 시계 케이스. 내부의 시계 슬롯은 탈부착 가능함.,50
3,인터로킹 G GG 여권 케이스,580000,시그니처 베이지/에보니 GG 수프림 캔버스로 선보이는 여권 케이스. 새로운 컬렉션마다 전면에 나타나는 브랜드의 창립자 구찌오 구찌(Guccio Gucci)의 이니셜. 타원형 인터로킹 G 레더 태그로 독창적인 로고 감성을 더한 디자인. ,50
3,인터로킹 G 코스메틱 케이스,1260000,아카이브에서 가져온 소재와 디테일을 결합해 패션소품 셀렉션에 빈티지 감성을 부여하는 구찌 유니버스. 베이지/에보니 GG 수프림 캔버스 소재의 코스메틱 케이스에 토널 레더 트리밍과 인터로킹 G 태그를 더해 한층 돋보이는 스타일.,50
3,인터로킹 G GG 코스메틱 케이스,1300000,1960년대에 하우스 컬렉션에 등장한 이래로 60여 년 동안 수없이 재해석된 GG 모티브. 수프림 캔버스 소재에 클래식한 블랙 톤으로 GG 패턴을 장식한 코스메틱 케이스. 토널 레더 트리밍과 타원형 레더 인터로킹 G 태그로 완성함.,50
3,GG 라지 패킹 큐브,730000,"럭셔리 러기지의 황금기였던 1900년대에 뿌리를 둔 구찌의 최신 트래블 셀렉션. 다른 구찌 러기지 아이템과 잘 어울리는 패킹 큐브로, 하우스를 대표하는 블랙 GG 수프림 캔버스로 제작함. 지퍼 클로저로 쉽게 여닫을 수 있으며, 블랙 레더 트리밍으로 디자인을 완성함. ",50
3,[오피디아] 코스메틱 케이스,1060000,매일 꼭 필요한 필수품을 담아 어디서나 편하게 사용할 수 있는 디자인의 코스메틱 케이스. 구찌 오피디아 라인에서 그레이/블랙 GG 수프림 소재로 현대적인 감성을 더해 선보이는 버전에 더블 G 메탈 장식을 넣어 완성함. 소지품을 효율적으로 정리할 수 있는 다양한 사이즈로 출시됨.,50
4,[구찌 사보이] 웹(Web) 스몰 모자 박스,8900000,구찌 아리아에서 선보이는 스몰 모자 박스. 빈티지에서 영감을 얻은 디테일과 상징적인 하우스 코드가 결합되어 있음. GG 로고는 하나의 심볼로 자리를 잡았고 웹(Web) 스트라이프는 구찌의 승마 세계를 오마주함. 브라운 레더 디테일로 완성된 스타일.,50
4,[구찌 사보이] 웹(Web) 미디엄 수트 케이스,8900000,GG 수프림 캔버스 소재의 하우스 모노그램과 웹(Web) 디테일로 정의되는 수트케이스 디자인은 빈티지의 영향을 받음. 두 아카이브 요소의 클래식한 조합이 반영되어 브라운 레더 디테일로 완성됨.,50
4,[구찌 사보이] 스몰 모자 박스,9900000,구찌오 구찌(Guccio Gucci)가 런던 호텔에서 벨보이로 일하던 시절을 오마주해 여행용 디자인을 선보이는 구찌 사보이 라인의 아이템. 빈티지풍 실루엣에 상징적인 하우스 코드를 담아내 선보이는 스몰 모자 박스. 그린 레더 디자인 중앙에 구찌의 승마 헤리티지를 예찬하는 블루/레드 웹(Web) 스트라이프를 펼쳐내 시선을 사로잡는 스타일. 스터드 트리밍으로 스타일을 완성함. ,50
4,[구찌 사보이] 모자 박스,10600000,구찌오 구찌(Guccio Gucci)가 런던 호텔에서 벨보이로 일하던 시절을 오마주해 여행용 디자인을 선보이는 구찌 사보이 라인의 아이템. 빈티지풍 실루엣에 아카이브에서 찾은 하우스 코드를 담아내 선보이는 모자 박스. 구찌의 승마 헤리티지를 드러내며 시그니처 아이템에 끊임없이 영향을 미치는 웹(Web) 스트라이프. 스터드 트리밍으로 그린 레더 케이스를 완성함. ,50
4,[구찌 사보이] 트렁크,87400000,"구찌오 구찌(Guccio Gucci)가 런던 호텔에서 벨보이로 일하던 시절을 오마주해 여행용 디자인을 선보이는 구찌 사보이 라인의 아이템.  구찌 최신 러기지 컬렉션의 견고한 트렁크로, 5개의 수납공간을 구성해 완성함. 그린 레더와 블루/레드 웹(Web)으로 제작해 하우스를 뜻하는 컬러에 경의를 표하는 클래식 디자인.",50
4,[구찌 사보이] 미니 모자 박스,7800000,"구찌오 구찌(Guccio Gucci)가 런던 호텔에서 벨보이로 일하던 시절을 오마주해 여행용 디자인을 선보이는 구찌 사보이 라인의 아이템. 빈티지 실루엣을 연상시키는 미니 모자 박스로, 작은 모자에 적합한 크기. 구찌만의 시선으로 하우스 아카이브의 여러 핵심 요소를 녹여내 재해석한 스타일. 그린 레더 소재에 블루/레드 웹(Web) 스트라이프를 더해 완성함. ",50
4,GG 미디엄 리지드 수트케이스,8900000,"럭셔리 러기지의 황금 시대였던 1900년대에서 기원한 구찌의 최신 트래블 셀렉션. 오늘날의 여행에 어울리는 견고한 수트케이스로, 여행 거리를 걱정하지 않고 소지품을 휴대하기에 적합한 디자인. 구찌만의 시선으로 블랙 GG 수프림 캔버스 소재의 미디엄 사이즈로 재해석한 클래식 실루엣.",50
4,GG 라지 리지드 수트케이스,9700000,"럭셔리 러기지의 황금 시대였던 1900년대에서 기원한 구찌의 최신 트래블 셀렉션. 오늘날의 여행에 어울리는 견고한 수트케이스로, 여행 거리를 걱정하지 않고 소지품을 휴대하기에 적합한 디자인. 구찌만의 시선으로 재해석해 블랙 GG 수프림 캔버스를 사용해 라지 사이즈로 제작한 클래식 실루엣.",50
4,GG 맥시 리지드 수트케이스,10400000,"럭셔리 러기지의 황금 시대였던 1900년대에서 기원한 구찌의 최신 트래블 셀렉션. 오늘날의 여행에 어울리는 견고한 수트케이스로, 여행 거리를 걱정하지 않고 소지품을 휴대하기에 적합한 디자인. 구찌만의 시선으로 재해석해 블랙 GG 수프림 캔버스로 제작한 클래식 실루엣.",50
4,GG 모자 박스,9300000,빈티지풍 실루엣에 상징적인 하우스 코드를 담아내 선보이는 구찌 트래블 라인의 모자 박스. 1930년대 첫선을 보인 디자인을 현대적으로 해석한 후 시그니처 아이템에 끊임없이 영향을 미치는 GG 로고. 스터드 레더 트리밍으로 블랙 캔버스 케이스를 완성함. ,50
4,GG 코스메틱 케이스,5200000,"구찌 코스모고니 컬렉션에서 새로운 버전의 빈티지 스타일로 선보이는 견고한 코스메틱 케이스로, 락 클로저로 여닫는 디자인. 하우스의 GG 모노그램을 펼쳐낸 블랙 GG 수프림 캔버스 소재에 인터로킹 G 태그를 더해 완성함. 탑 핸들과 탈부착 가능한 캔버스 숄더 스트랩이 있어 한층 다양한 스타일로 착용 가능함.",50
4,GG 리지드 시계 케이스,4700000,블랙 GG 수프림 캔버스로 제작하고 레더 트리밍으로 완성한 시계 케이스. 앞면의 독특한 패들락이 내용물을 안전하게 보호하는 디자인. 케이스를 어깨에 멜 수 있는 조절 가능한 스트랩으로 스타일을 완성함.,50
4,[구찌 사보이] 웹(Web) 엑스트라 스몰 모자 박스,6900000,구찌 아리아에서 선보이는 엑스트라 스몰 모자 박스. 빈티지에서 영감을 얻은 디테일과 상징적인 하우스 코드가 결합되어 있음. GG 로고는 하나의 심볼로 자리를 잡았고 웹(Web) 스트라이프는 구찌의 승마 세계를 오마주함. 브라운 레더 디테일로 완성된 스타일.,50
4,[구찌 사보이] 주얼리 박스,4700000,"구찌오 구찌(Guccio Gucci)가 런던 호텔에서 벨보이로 일하던 시절을 오마주해 여행용 디자인을 선보이는 구찌 사보이 라인의 아이템. 베이지/블루 GG 수프림 캔버스를 바탕으로 블루/레드 웹(Web) 스트라이프를 그려낸 견고한 주얼리 케이스. 아카이브에서 영감을 받은 디자인 요소로 빈티지하고도 현대적인 스타일을 완성함. 독특한 로고 감성을 자아내는 스타일로, 조절 가능한 스트랩으로 숄더백처럼 착용 가능함.",50
4,[구찌 사보이] 주얼리 케이스,5300000,아카이브에서 영감을 받은 디자인 요소와 함께 빈티지와 컨템포러리 느낌을 조합한 GG 수프림 캔버스 소재의 상품. 하우스 웹(Web)과 GG 모티브를 결합한 스타일은 독특한 로고 느낌을 선사. 조절 가능한 스트랩으로 숄더백처럼 착용 가능함.,50
4,[구찌 사보이] 코스메틱 케이스,6200000,"구찌오 구찌(Guccio Gucci)가 런던 호텔에서 벨보이로 일하던 시절을 오마주해 여행용 디자인을 선보이는 구찌 사보이 라인의 아이템. 구찌 코스모고니 컬렉션에서 새로운 버전의 빈티지 스타일로 선보이는 레드 레더 소재의 견고한 코스메틱 케이스로, 락 클로저로 여닫는 디자인. 아카이브에서 찾은 웹(Web) 스트라이프를 더해 완성함. 탑 핸들과 탈부착 가능한 캔버스 숄더 스트랩이 있어 다양한 스타일로 착용 가능함.",50
4,[구찌 사보이] 미니 모자 박스,7800000,새로운 다크 블루 컬러웨이를 선보이는 구찌 사보이 라인. 매일 사용해도 손색없는 트래블 패션소품의 높은 활용도를 강조하는 세련되고도 현대적인 컬러. 아카이브의 그린/레드 웹(Web) 스트라이프로 완성한 미니 모자 박스.,50
4,[구찌 사보이] 라지 모자 박스,10600000,새로운 다크 블루 컬러웨이를 선보이는 구찌 사보이 라인. 매일 사용해도 손색없는 트래블 패션소품의 높은 활용도를 강조하는 세련되고도 현대적인 컬러. 아카이브의 그린/레드 웹(Web) 스트라이프로 완성한 라지 사이즈 모자 박스.,50
4,[구찌 사보이] 라지 수트케이스,11200000,새로운 다크 블루 컬러웨이를 선보이는 구찌 사보이 라인. 매일 사용해도 손색없는 트래블 패션소품의 높은 활용도를 강조하는 세련되고도 현대적인 컬러. 아카이브의 그린/레드 웹(Web) 스트라이프로 완성한 라지 사이즈 수트케이스.,50
4,[구찌 사보이] 트렁크,87400000,새로운 다크 블루 컬러웨이를 선보이는 구찌 사보이 라인. 매일 사용해도 손색없는 트래블 패션소품의 높은 활용도를 강조하는 세련되고도 현대적인 컬러. 아카이브의 그린/레드 웹(Web) 스트라이프로 완성한 트렁크.,50
4,[구찌 사보이] 시계 케이스,4900000,새로운 다크 블루 컬러웨이를 선보이는 구찌 사보이 라인. 매일 사용해도 손색없는 트래블 패션소품의 높은 활용도를 강조하는 세련되고도 현대적인 컬러. 아카이브의 그린/레드 웹(Web) 스트라이프로 완성한 시계 케이스.,50
4,[구찌 사보이] 시계 케이스,4700000,"새로운 버전의 빈티지 스타일을 선보이는 구찌 러브 퍼레이드. 하우스 GG 모노그램이 깃든 베이지/에보니 수프림 캔버스 소재의 코스메틱 케이스. 브라운 레더 트리밍으로 완성함. 자물쇠와 열쇠가 돋보이는 우아한 디자인으로, 탑 핸들과 숄더 스트랩을 활용해 다양한 스타일로 착용 가능함. 자기표현의 자유를 포용하고 정체성 규범을 탐구하는 구찌 MX의 아이템.",50
4,[구찌 사보이] 시계 케이스,4900000,"구찌오 구찌(Guccio Gucci)가 런던 호텔에서 벨보이로 일하던 시절을 오마주해 여행용 디자인을 선보이는 구찌 사보이 라인의 아이템. 그린 레더를 바탕으로 블루/레드 웹(Web) 스트라이프를 그려낸 견고한 시계 케이스. 아카이브에서 영감을 받은 디자인 요소로 빈티지하고도 현대적인 스타일을 완성함. 클래식 락 클로저로 완성한 디자인으로, 조절 가능한 스트랩으로 숄더백처럼 착용 가능함.",50
4,[구찌 사보이] 주얼리 케이스,4900000,구찌오 구찌(Guccio Gucci)가 런던 호텔에서 벨보이로 일하던 시절을 오마주해 여행용 디자인을 선보이는 구찌 사보이 라인의 아이템. 레드 레더를 바탕으로 블루/레드 웹(Web) 스트라이프를 그려낸 견고한 주얼리 케이스. 아카이브에서 영감을 받은 디자인 요소로 빈티지하고도 현대적인 스타일을 완성함. 조절 가능한 스트랩을 활용해 어깨에 맬 수 있는 디자인.,50
4,[구찌 사보이] 주얼리 케이스,4900000,구찌오 구찌(Guccio Gucci)가 런던 호텔에서 벨보이로 일하던 시절을 오마주해 여행용 디자인을 선보이는 구찌 사보이 라인의 아이템. 그린 레더를 바탕으로 블루/레드 웹(Web) 스트라이프를 그려낸 견고한 주얼리 케이스. 아카이브에서 영감을 받은 디자인 요소로 빈티지하고도 현대적인 스타일을 완성함. 조절 가능한 스트랩을 활용해 어깨에 맬 수 있는 디자인.,50
4,[구찌 사보이] 주얼리 박스,4900000,새로운 다크 블루 컬러웨이를 선보이는 구찌 사보이 라인. 매일 사용해도 손색없는 트래블 패션소품의 높은 활용도를 강조하는 세련되고도 현대적인 컬러. 아카이브의 그린/레드 웹(Web) 스트라이프로 완성한 주얼리 박스.,50
4,[구찌 사보이] 주얼리 케이스,4700000,구찌오 구찌(Guccio Gucci)가 런던 호텔에서 벨보이로 일하던 시절을 오마주해 여행용 디자인을 선보이는 구찌 사보이 라인의 아이템. 아카이브에서 영감을 받은 디자인 요소와 함께 빈티지와 컨템포러리 느낌을 조합한 GG 수프림 캔버스 주얼리 케이스. 하우스 웹(Web)과 GG 모티브를 결합한 스타일은 독특한 로고 느낌을 선사. 조절 가능한 스트랩으로 숄더백처럼 착용 가능함.,50
4,[구찌 사보이] 미니 모자 박스,7800000,"구찌오 구찌(Guccio Gucci)가 런던 호텔에서 벨보이로 일하던 시절을 오마주해 여행용 디자인을 선보이는 구찌 사보이 라인의 아이템. 빈티지 실루엣을 연상시키는 미니 모자 박스로, 작은 모자에 적합한 크기. 구찌만의 시선으로 하우스 아카이브의 여러 핵심 요소를 녹여내 재해석한 스타일. 레드 레더 소재에 블루/레드 웹(Web) 스트라이프를 더해 완성함. ",50
4,[구찌 사보이] 미니 모자 박스,6500000,"구찌오 구찌(Guccio Gucci)가 런던 호텔에서 벨보이로 일하던 시절을 오마주해 여행용 디자인을 선보이는 구찌 사보이 라인의 아이템. 빈티지 실루엣을 연상시키는 미니 모자 박스로, 작은 모자에 적합한 크기. 구찌만의 시선으로 하우스 아카이브의 여러 핵심 요소를 녹여내 재해석한 스타일. 베이지/블루 GG 수프림 캔버스로 이루어진 디자인에 블루/레드 웹(Web) 스트라이프를 더해 완성함. ",50
4,[구찌 사보이] 미니 모자 박스,5655000,아카이브에서 영감을 받은 디자인 요소와 함께 빈티지와 컨템포러리 느낌을 조합한 GG 수프림 캔버스 소재의 상품. 하우스 웹(Web)과 GG 모티브를 결합한 스타일로 독특한 로고 느낌을 선사함.,50
4,[구찌 사보이] 스몰 모자 박스,9900000,구찌오 구찌(Guccio Gucci)가 런던 호텔에서 벨보이로 일하던 시절을 오마주해 여행용 디자인을 선보이는 구찌 사보이 라인의 아이템. 빈티지풍 실루엣에 상징적인 하우스 코드를 담아내 선보이는 스몰 모자 박스. 레드 레더 디자인 중앙에 구찌의 승마 헤리티지를 예찬하는 블루/레드 웹(Web) 스트라이프를 펼쳐내 시선을 사로잡는 스타일. 스터드 트리밍으로 스타일을 완성함. ,50
4,[구찌 사보이] 스몰 모자 케이스,9900000,새로운 다크 블루 컬러웨이를 선보이는 구찌 사보이 라인. 매일 사용해도 손색없는 트래블 패션소품의 높은 활용도를 강조하는 세련되고도 현대적인 컬러. 아카이브의 그린/레드 웹(Web) 스트라이프로 완성한 모자 케이스.,50
4,GG 스몰 모자 박스,8400000,빈티지풍 실루엣에 상징적인 하우스 코드를 담아내 선보이는 스몰 모자 박스. 하우스의 심볼로 자리 잡은 GG 로고와 하우스 창립자를 은은하게 드러내는 인터로킹 G 태그. 스터드 트리밍으로 스타일을 완성함.,50
4,[구찌 사보이] 스몰 모자 박스,8400000,구찌오 구찌(Guccio Gucci)가 런던 호텔에서 벨보이로 일하던 시절을 오마주해 여행용 디자인을 선보이는 구찌 사보이 라인의 아이템. 빈티지풍 실루엣에 상징적인 하우스 코드를 담아내 선보이는 스몰 모자 박스. GG 로고는 하나의 심볼로 자리를 잡았고 웹(Web) 스트라이프는 구찌의 승마 세계를 오마주함. 스터드 트리밍으로 스타일을 완성함.,50
4,[구찌 사보이] 뷰티 케이스,6200000,새로운 다크 블루 컬러웨이를 선보이는 구찌 사보이 라인. 매일 사용해도 손색없는 트래블 패션소품의 높은 활용도를 강조하는 세련되고도 현대적인 컬러. 아카이브의 그린/레드 웹(Web) 스트라이프로 완성한 뷰티 케이스.,50
4,[구찌 사보이] 탑 핸들 뷰티 케이스,6200000,새로운 다크 블루 컬러웨이를 선보이는 구찌 사보이 라인. 매일 사용해도 손색없는 트래블 패션소품의 높은 활용도를 강조하는 세련되고도 현대적인 컬러. 아카이브의 그린/레드 웹(Web) 스트라이프로 완성한 뷰티 케이스.,50
5,[구찌 포터] 기내용 플러스 트롤리,4600000,하우스 러기지 세계의 시작과 런던 사보이 호텔에서 생긴 구찌오 구찌의 추억을 반영한 여행 아이템은 현대적인 스타일을 담아내며 한층 진화했습니다. 캐빈 트롤리는 실버 알루미늄과 베이지/에보니 GG 수프림 캔버스의 독특한 조합이 돋보입니다. ,50
5,[구찌 포터] 기내용 플러스 트롤리,4600000,하우스 러기지 세계의 시작과 런던 사보이 호텔에서 생긴 구찌오 구찌의 추억을 반영한 여행 아이템은 현대적인 스타일을 담아내며 한층 진화했습니다. 캐빈 트롤리는 실버 알루미늄과 그레이 GG 수프림 캔버스의 독특한 조합이 돋보입니다. ,50
5,[구찌 포터] 캐빈 플러스 트롤리 & 스트랩 ,4600000,하우스 러기지 세계의 시작과 런던 사보이 호텔에서 생긴 구찌오 구찌의 추억을 반영한 여행 아이템은 현대적인 스타일을 담아내며 한층 진화했습니다. 캐빈 트롤리는 실버 알루미늄이 돋보이며 수트케이스를 보호하는 그린/레드 웹(Web) 러기지 스트랩으로 완성되었습니다.,50
5,러기지 엘라스틱 웹(Web) 밴드,600000,아카이브 스타일의 하우스 웹(Web) 컬러로 선보이는 그린/레드 엘라스틱 러기지 스트랩. 블랙 레더 트리밍과 버터플라이 락 클로저로 완성함. 여러 구찌 트롤리를 추가로 고정할 때 사용할 수 있는 아이템.,50
5,구찌 트래블러 러기지 스티커,160000,구찌 트래블러 라인의 다양한 러기지 스티커. 여러 러기지 디자인에 쉽게 붙일 수 있는 아이템. 진화를 거듭하는 하우스의 이야기를 풀어내는 다채롭고 유쾌한 디자인.,50
5,러기지 엘라스틱 웹(Web) 밴드,600000,아카이브 스타일의 하우스 웹(Web) 컬러로 선보이는 그린/레드 엘라스틱 러기지 스트랩. 브라운 레더 트리밍과 버터플라이 락 클로저로 완성함. 여러 구찌 트롤리를 추가로 고정할 때 사용할 수 있는 아이템.,50
5,[구찌 포터] 뷰티 케이스,3100000,2023 봄 여름 컬렉션 라인에서 알루미늄 기내용 트롤리를 작은 코스메틱 케이스로 선보임. 튼튼하고 안정적인 하드 사이드 디자인. 시그니처 GG 수프림 캔버스가 현대적인 패션소품에 아카이브 감성을 불어넣음.,50
5,[구찌 포터] 뷰티 케이스,3100000,2023 봄 여름 컬렉션 라인에서 알루미늄 기내용 트롤리를 작은 코스메틱 케이스로 선보임. 튼튼하고 안정적인 하드 사이드 디자인. 시그니처 GG 수프림 캔버스가 현대적인 패션소품에 아카이브 감성을 불어넣음.,50
6,[구찌 블론디] 탑 핸들백,2820000,하우스 아카이브로부터 탄생한 구찌 블론디 라인을 특징하는 라운드 인터로킹 G. 구찌 블론디 숄더백 및 탑 핸들 크로스백과 같은 시그니처 아이템에서 섬세한 레더 패치 디테일로 엠블럼을 구현함.,50
6,[구찌 블론디] 탑 핸들백,2820000,하우스 아카이브로부터 탄생한 구찌 블론디 라인을 특징하는 라운드 인터로킹 G. 구찌 블론디 숄더백 및 탑 핸들 크로스백과 같은 시그니처 아이템에서 섬세한 레더 패치 디테일로 엠블럼을 구현함.,50
6,[구찌 블론디] 탑 핸들백,2820000,하우스 아카이브로부터 탄생한 구찌 블론디 라인을 특징하는 라운드 인터로킹 G. 구찌 블론디 숄더백 및 탑 핸들 크로스백과 같은 시그니처 아이템에서 섬세한 레더 패치 디테일로 엠블럼을 구현함.,50
6,[구찌 블론디] 탑 핸들백,2990000,하우스 아카이브로부터 탄생한 구찌 블론디 라인을 특징하는 라운드 인터로킹 G. 레더 패치 디테일로 재해석한 엠블럼을 메탈릭 실버 레더에 더해 시그니처 아이템인 탑 핸들백을 선보임. 숄더 스트랩이 추가로 구성되어 다양하게 스타일링할 수 있는 디자인.,50
6,[오피디아] GG 미니 숄더백,2860000,컬러를 통해 이야기를 전달하는 구찌 러브 퍼레이드. 하우스의 가장 상징적인 소재 중 하나인 GG 수프림은 1930년대의 아카이브 디자인에서 영감을 받아 탄생함. 패턴이 돋보이는 오피디아 라인의 미니 숄더백.,50
6,[오피디아] GG 미니 숄더백,2860000,컬러를 통해 이야기를 전달하는 구찌 러브 퍼레이드. 하우스의 가장 상징적인 소재 중 하나인 GG 수프림은 1930년대의 아카이브 디자인에서 영감을 받아 탄생함. 기존의 베이지/에보니 컬러 캔버스를 베이지/화이트 컬러 조합으로 구현해 타임리스 아이템과 시간이 지나도 변함없는 디자인을 기념함. 패턴이 돋보이는 오피디아 숄더백.,50
6,[오피디아] 웹(Web) 디테일의 스몰 탑 핸들백,3900000,매 시즌 새로운 모습으로 선보이는 오피디아 라인의 탑 핸들백. 에필로그 컬렉션에서는 탈착 가능한 숄더 스트랩과 함께 소개함. 하우스 웹(Web) 스트라이프 및 더블 G 메탈 장식으로 빈티지 감성의 스퀘어 쉐입을 강조. 1970년대 구찌 아카이브 벨트 버클에 현대적인 감각을 더함. 하우스 모노그램 캔버스 소재로 스타일에 강한 로고 감성을 부여함.,50
6,[재키 1961] 스몰 내추럴 그레인 토트백,5500000,"탈부착 가능한 숄더 스트랩으로 완성된 스몰 토트백의 탄생으로 더욱 풍부해지는 재키 1961의 세계. 클래식한 블랙 색상의 내추럴 그레인 레더 소재 스몰 핸드백으로, 상징적인 피스톤 클로저가 돋보이는 디자인.",50
6,[재키 1961] 스몰 내추럴 그레인 토트백,5500000,"탈부착 가능한 숄더 스트랩으로 완성된 스몰 토트백의 탄생으로 더욱 풍부해지는 재키 1961의 세계. 클래식한 브라운 색상의 내추럴 그레인 레더 소재 스몰 핸드백으로, 상징적인 피스톤 클로저가 돋보이는 디자인.",50
6,[구찌 다이애나] 스몰 숄더백,3200000,뱀부 핸들과 더블 G 메탈 장식을 중심으로 구찌 하우스의 상징적인 요소들을 조합하여 선보이는 구찌 다이애나 핸드백. 대비를 이루는 블랙 레더 숄더 스트랩으로 한층 돋보이는 브라운 레더 소재의 패션소품.,50
6,[구찌 다이애나] 미디엄 숄더백,3900000,하우스의 상징적인 요소인 뱀부 핸들과 더블 G 메탈 장식이 돋보이는 미디엄 사이즈 숄더백. 토널 레더 숄더 스트랩으로 한층 돋보이는 브라운 레더 소재의 패션소품.,50
6,[구찌 다이애나] 스몰 숄더백,3200000,뱀부 핸들과 더블 G 메탈 장식을 중심으로 구찌 하우스의 상징적인 요소들을 조합하여 선보이는 구찌 다이애나 핸드백. 대비를 이루는 레드 레더 숄더 스트랩으로 한층 돋보이는 화이트 레더 소재의 패션소품.,50
6,[구찌 다이애나] 미디엄 숄더백,3900000,하우스의 상징적인 요소인 뱀부 핸들과 더블 G 메탈 장식이 돋보이는 미디엄 사이즈 숄더백. 대비를 이루는 레드 레더 숄더 스트랩으로 한층 돋보이는 화이트 레더 소재의 패션소품.,50
6,[구찌 다이애나] 스몰 숄더백,3200000,뱀부 핸들과 더블 G 메탈 장식을 중심으로 구찌 하우스의 상징적인 요소들을 조합하여 선보이는 구찌 다이애나 핸드백. 대비를 이루는 그레이 레더 숄더 스트랩으로 한층 돋보이는 블랙 레더 소재의 패션소품.,50
6,[구찌 다이애나] 미디엄 숄더백,3900000,하우스의 상징적인 요소인 뱀부 핸들과 더블 G 메탈 장식이 돋보이는 미디엄 사이즈 숄더백. 대비를 이루는 그레이 레더 숄더 스트랩으로 한층 돋보이는 블랙 레더 소재의 패션소품.,50
6,[구찌 다이애나] 스몰 숄더백,4600000,구찌 코스모고니 컬렉션에서 새롭게 선보이는 쉐입의 구찌 다이애나 핸드백. 하우스를 상징하는 요소들과 뱀부 핸들 및 더블 G 메탈 장식을 조합해 탄생함. 핸들의 쉐입을 유지해주는 밴드를 재치 있게 해석한 2개의 장식용 레더 벨트로 경쾌한 느낌을 더한 브라운 레더 소재의 패션소품.,50
6,[구찌 다이애나] 스몰 토트백,5400000,하우스의 디자인을 구체적으로 형성하는 재창조(reinvention) 컨셉. 1991년 첫선을 보인 뱀부 핸들 토트백이 발전해 탄생한 구찌 다이애나는 계속해서 진화하는 스타일이라는 개념을 표현함. 전통적인 디테일에 새로운 의미를 더해 해석한 디자인. 뱀부 핸들의 쉐입을 유지하는 데 사용되는 실용적인 밴드를 재치 있는 레더 벨트로 재해석해 재창조라는 아이디어를 전달함. 화이트 레더 소재로 선보이는 토트백.,50
6,GG 마틀라세 미니 탑 핸들백,3900000,매우 부드러운 마감으로 하우스의 시그니처 소재가 된 마틀라세 레더. GG 텍스처드 모티브가 돋보이는 레더 패션소품 셀렉션의 블랙 레더 탑 핸들 미니백. 디자인의 로고 감성을 이어가는 전면의 더블 G 메탈 장식.,50
6,GG 마틀라세 미니 탑 핸들백,3900000,매우 부드러운 마감으로 하우스의 시그니처 소재가 된 마틀라세 레더. GG 텍스처드 모티브가 돋보이는 레더 패션소품 셀렉션의 핑크 탑 핸들 미니백. 디자인의 로고 감성을 이어가는 전면의 더블 G 메탈 장식.,50
6,[구찌 홀스빗 1955] 미니백,4100000,탑 핸들백으로 선보이는 화이트 레더 소재의 구찌 홀스빗 1955. 오리지널 핸드백에 처음 도입된 이래 60년 동안 라인에 영감을 준 디테일과 현대적인 감성을 더하여 더욱 돋보이는 홀스빗 컬렉션. 구찌 특유의 코드인 더블 링과 바 디자인은 승마 세계에서 가져온 하우스의 심볼 중 가장 상징적인 요소.,50
6,[구찌 홀스빗 1955] 미디엄 핸드백,4400000,라지 사이즈로 선보이는 화이트 레더 소재의 구찌 홀스빗 1955. 오리지널 핸드백에 처음 도입된 이래 60년 동안 라인에 영감을 준 디테일과 현대적인 감성을 더하여 더욱 돋보이는 홀스빗 컬렉션. 구찌 특유의 코드인 더블 링과 바 디자인은 승마 세계에서 가져온 하우스의 심볼 중 가장 상징적인 요소. ,50
6,[구찌 홀스빗 1955] 코리아 익스클루시브 탑 핸들백,3900000,탑 핸들백으로 선보이는 베이지/에보니 GG 수프림 캔버스 소재의 구찌 홀스빗 1955. 오리지널 핸드백에 처음 도입된 이래 60년 동안 라인에 영감을 준 디테일과 현대적인 감성을 더하여 더욱 돋보이는 홀스빗 컬렉션. 구찌 특유의 코드인 더블 링과 바 디자인은 승마 세계에서 가져온 하우스의 심볼 중 가장 상징적인 요소. 화이트 레더 트리밍으로 우아한 분위기를 더함.,50
6,[구찌 홀스빗 1955] 코리아 익스클루시브 미디엄 핸드백,4100000,라지 사이즈로 선보이는 베이지/에보니 GG 수프림 캔버스 소재의 구찌 홀스빗 1955. 오리지널 핸드백에 처음 도입된 이래 60년 동안 라인에 영감을 준 디테일과 현대적인 감성을 더하여 더욱 돋보이는 홀스빗 컬렉션. 구찌 특유의 코드인 더블 링과 바 디자인은 승마 세계에서 가져온 하우스의 심볼 중 가장 상징적인 요소. 우아한 느낌의 화이트 레더 트리밍으로 스타일을 완성함.,50
6,[구찌 홀스빗 1955] 미니백,3900000,탑 핸들백으로 선보이는 라이트 브라운 레더 소재의 구찌 홀스빗 1955. 오리지널 핸드백에 처음 도입된 이래 60년 동안 라인에 영감을 준 디테일과 현대적인 감성을 더하여 더욱 돋보이는 홀스빗 컬렉션. 구찌 특유의 코드인 더블 링과 바 디자인은 승마 세계에서 가져온 하우스의 심볼 중 가장 상징적인 요소.,50
6,[구찌 홀스빗 1955] 미디엄 핸드백,4100000,라지 사이즈로 선보이는 베이지/에보니 GG 수프림 캔버스 소재의 구찌 홀스빗 1955. 오리지널 핸드백에 처음 도입된 이래 60년 동안 라인에 영감을 준 디테일과 현대적인 감성을 더하여 더욱 돋보이는 홀스빗 컬렉션. 구찌 특유의 코드인 더블 링과 바 디자인은 승마 세계에서 가져온 하우스의 심볼 중 가장 상징적인 요소. 우아한 느낌의 브라운 레더 트리밍으로 스타일을 완성함.,50
6,[구찌 홀스빗 1955] 미니 탑 핸들백,2940000,대조적인 브라운 레더 디테일이 돋보이는 하우스 모노그램 캔버스 소재의 미니 탑 핸들백. 구찌 홀스빗 1955 라인에서 새롭게 선보이는 아이템. 60년이 넘도록 지속적으로 라인에 영감을 주는 오리지널 디테일에 현대적인 감성을 더하며 강조한 컬렉션. 구찌의 전통적인 코드인 더블 링과 바 디자인은 승마 세계에서 가져온 하우스의 심볼 중 가장 상징적인 요소.,50
6,[구찌 홀스빗 1955] 스몰 탑 핸들백,3600000,"2020 봄 여름 구찌 홀스빗 1955 라인에 새로운 실루엣으로 선보이는 탑 핸들백. GG 수프림 캔버스와 레더 소재의 돔 형태, 옵션 레더 숄더 스트랩. 60년 넘게 이어지는 라인에 현대적인 영감을 주는 오리지널 백에 처음 도입된 디테일을 통합하고 홀스빗을 강조하는 컬렉션. 구찌 특유의 코드인 더블 링과 바 디자인은 승마 세계에서 가져온 하우스의 심볼 중 가장 상징적인 요소.",50
6,[구찌 다이애나] 스몰 토트백,4000000,1990년대 아카이브의 뱀부 토트백을 재해석한 구찌 다이애나는 구찌 디자인 전반에 흐르는 진화와 재창조의 내러티브를 전함. 부드러운 화이트 레더 소재의 구조적인 실루엣에 안으로 접어넣을 수 있는 2개의 레더 핸들이 있어 숄더백이나 토트백으로 다양하게 스타일링할 수 있는 디자인.,50
6,[구찌 다이애나] 스몰 토트백,4000000,1990년대 아카이브의 뱀부 토트백을 재해석한 구찌 다이애나는 구찌 디자인 전반에 흐르는 진화와 재창조의 내러티브를 전함. 부드러운 블랙 레더 소재의 넉넉한 실루엣에 안으로 접어넣을 수 있는 2개의 레더 핸들이 있어 숄더백이나 토트백으로 다양하게 스타일링할 수 있는 디자인.,50
6,[구찌 다이애나] 미디엄 토트백,4700000,1990년대 아카이브의 뱀부 토트백을 재해석한 구찌 다이애나는 구찌 디자인 전반에 흐르는 진화와 재창조의 내러티브를 전함. 부드러운 그린 레더 소재의 넉넉한 실루엣에 안으로 접어넣을 수 있는 2개의 레더 핸들이 있어 숄더백이나 토트백으로 다양하게 스타일링할 수 있는 디자인.,50
6,[구찌 다이애나] 미디엄 토트백,4700000,1990년대 아카이브의 뱀부 토트백을 재해석한 구찌 다이애나는 구찌 디자인 전반에 흐르는 진화와 재창조의 내러티브를 전함. 부드러운 뀌르 레더 소재의 넉넉한 실루엣에 안으로 접어넣을 수 있는 2개의 레더 핸들이 있어 숄더백이나 토트백으로 다양하게 스타일링할 수 있는 디자인.,50
6,[구찌 다이애나] 미디엄 토트백,4700000,1990년대 아카이브의 뱀부 토트백을 재해석한 구찌 다이애나는 구찌 디자인 전반에 흐르는 진화와 재창조의 내러티브를 전함. 부드러운 블랙 레더 소재의 넉넉한 실루엣에 안으로 접어넣을 수 있는 2개의 레더 핸들이 있어 숄더백이나 토트백으로 다양하게 스타일링할 수 있는 디자인.,50
6,[구찌 다이애나] 라지 숄더백,4500000,하우스의 상징적인 요소인 뱀부 핸들과 더블 G 메탈 장식이 돋보이는 미디엄 사이즈 숄더백. 대비를 이루는 레더 숄더 스트랩으로 한층 돋보이는 블랙 레더 소재의 패션소품.,50
6,[구찌 다이애나] 미니 토트백,3200000,하우스의 상징적 요소인 뱀부 핸들과 더블 G 메탈 장식이 돋보이는 미디엄 사이즈 토트백. 핸들의 쉐입을 유지해주는 밴드를 섬세하게 해석한 2개의 장식용 레더 밴드로 근사하게 완성한 화이트 레더 소재의 패션소품.,50
6,[구찌 다이애나] 미니 토트백,3200000,하우스의 상징적 요소인 뱀부 핸들과 더블 G 메탈 장식이 돋보이는 미디엄 사이즈 토트백. 핸들의 쉐입을 유지해주는 밴드를 섬세하게 해석한 2개의 장식용 레더 밴드로 근사하게 완성한 핑크 레더 소재의 패션소품.,50
6,[구찌 다이애나] 미니 토트백,3200000,하우스의 상징적 요소인 뱀부 핸들과 더블 G 메탈 장식이 돋보이는 미디엄 사이즈 토트백. 핸들의 쉐입을 유지해주는 밴드를 섬세하게 해석한 2개의 장식용 레더 밴드로 근사하게 완성한 뀌르 레더 소재의 패션소품.,50
7,[구찌 블론디] 스몰 토트백,4800000,하우스 아카이브로부터 탄생한 구찌 블론디 라인을 특징하는 라운드 인터로킹 G. 탑 핸들과 체인 숄더 스트랩이 있는 구찌 블론디 토트백. 엠블럼을 은은한 레더 패치 디테일로 재해석한 시그니처 아이템.,50
7,[구찌 블론디] 스몰 토트백,4800000,"빈티지 요소와 아카이브 디테일을 결합해 구찌의 최신 컬렉션에 깃든 화려한 매력을 예찬함. 탑 핸들과 체인 숄더 스트랩을 더해 현대적인 감성을 불어넣은 구찌 블론디 토트백. 메탈릭 실버 레더로 선보이는 새로운 실루엣으로, 앞면에 자리한 구찌오 구찌(Guccio Gucci)의 라운드 버전 모노그램 패치가 돋보이는 디자인.",50
7,[구찌 블론디] 스몰 토트백,4800000,하우스 아카이브로부터 탄생한 구찌 블론디 라인을 특징하는 라운드 인터로킹 G. 탑 핸들과 체인 숄더 스트랩이 있는 구찌 블론디 토트백. 엠블럼을 은은한 레더 패치 디테일로 재해석한 시그니처 아이템.,50
7,[구찌 블론디] 스몰 토트백,4800000,하우스 아카이브로부터 탄생한 구찌 블론디 라인을 특징하는 라운드 인터로킹 G. 탑 핸들과 체인 숄더 스트랩이 있는 구찌 블론디 토트백. 엠블럼을 은은한 레더 패치 디테일로 재해석한 시그니처 아이템.,50
7,GG 텐더 미디엄 토트백,1750000,부드러운 소재와 뛰어난 내구성을 갖춘 GG 수프림 텐더 캔버스로 제작된 남성 패션소품 라인이 기존 하우스 디자인에 현대적인 감각을 더함. 상징적인 그린/레드 웹(Web)으로 한층 돋보이는 토트백.,50
7,[재키 1961] 미디엄 토트백,3500000,"탈착 가능한 숄더 스트랩이 있는 토트백의 탄생으로 더욱 풍부해지는 재키 1961의 세계. 모노그램 캔버스로 선보이는 미디엄 사이즈 아이템으로, 상징적인 피스톤 클로저가 특징적임. 하우스 웹(Web)으로 로고 감성을 더함.",50
7,[재키 1961] 스몰 내추럴 그레인 토트백,5500000,"탈부착 가능한 숄더 스트랩으로 완성된 스몰 토트백의 탄생으로 더욱 풍부해지는 재키 1961의 세계. 클래식한 블랙 색상의 내추럴 그레인 레더 소재 스몰 핸드백으로, 상징적인 피스톤 클로저가 돋보이는 디자인.",50
7,[재키 1961] 스몰 내추럴 그레인 토트백,5500000,"탈부착 가능한 숄더 스트랩으로 완성된 스몰 토트백의 탄생으로 더욱 풍부해지는 재키 1961의 세계. 클래식한 브라운 색상의 내추럴 그레인 레더 소재 스몰 핸드백으로, 상징적인 피스톤 클로저가 돋보이는 디자인.",50
7,[오피디아] 미디엄 토트백,1950000,꾸준히 구찌 시그니처 핸드백 중 하나로 대표되는 오피디아 라인. 어떤 룩이든 완성할 수 있는 다재다능한 패션소품을 시즌마다 새로운 실루엣으로 소개함. 토트백을 변신시키는 두 개의 핸들이 있어 숄더백과 탑 핸들의 두 가지 스타일로 활용 가능한 스타일. 디자인의 필수 요소로 자리를 지킨 더블 G는 브라운 레더 트리밍을 더한 GG 수프림 캔버스 소재로 연출됨.,50
7,[오피디아] 미디엄 토트백,1950000,꾸준히 구찌 시그니처 핸드백 중 하나로 대표되는 오피디아 라인. 어떤 룩이든 완성할 수 있는 다재다능한 패션소품을 시즌마다 새로운 실루엣으로 소개함. 토트백을 변신시키는 두 개의 핸들이 있어 숄더백과 탑 핸들의 두 가지 스타일로 활용 가능한 스타일. 디자인의 필수 요소로 자리를 지킨 더블 G로 블루 레더 트리밍을 더한 GG 수프림 캔버스 소재를 장식함.,50
7,[오피디아] 미디엄 토트백,2590000,꾸준히 구찌 시그니처 핸드백 중 하나로 대표되는 오피디아 라인. 어떤 룩이든 완성할 수 있는 다재다능한 패션소품을 시즌마다 새로운 실루엣으로 소개함. 토트백의 활용도를 높여주는 2개의 핸들로 숄더백과 탑 핸들 스타일로 연출 가능한 디자인. 화이트 레더 소재에 더블 G를 더해 완성함.,50
7,[오피디아] 라지 토트백,2270000,유서 깊은 소재를 반영한 GG 수프림을 베이지/에보니 컬러의 타임리스 스타일로 선보임. 캔버스는 수십 년 동안 각 컬렉션의 전면에 나서며 하우스를 대표하는 소재로 자리잡음. 클래식 팔레트로 대표되는 라지 사이즈 오피디아 토트백. 골드 톤 메탈 장식으로 완성.,50
7,[구찌 데코] 미디엄 토트백,4900000,"헤리티지와 혁신이 만나 한층 새로워진 데일리 토트백. 퀼트 소재로 넉넉한 구조를 완성하고 체인 스트랩을 연결해 스타일과 실용성, 활용도를 모두 살린 여유로운 실루엣의 새로운 구찌 토트백.",50
7,[구찌 데코] 미디엄 토트백,4900000,"헤리티지와 혁신이 만나 한층 새로워진 데일리 토트백. 퀼트 소재로 넉넉한 구조를 완성하고 체인 스트랩을 연결해 스타일과 실용성, 활용도를 모두 살린 여유로운 실루엣의 새로운 구찌 토트백.",50
7,[구찌 데코] 라지 토트백,6000000,헤리티지를 불어넣어 혁신적으로 완성한 구찌의 데일리 토트백. 퀼티드 소재로 넉넉한 구조를 완성해 스타일과 실용성을 모두 살린 여유로운 실루엣의 새로운 구찌 토트백. 체인 스트랩과 조절 가능한 핸들을 다채롭게 활용해 다양하게 스타일링할 수 있는 아이템.,50
7,[오피디아] GG 미디엄 토트백,1810000,텍스처드 레더와 더블 G 하드웨어 탑으로 피니시한 미디엄 사이즈 토트백. 새로운 실용적 형태 속 눈에 띄는 디자인 요소들. 하우스의 가장 상징적인 코드인 GG 모티브와 웹스트라이프의 클래식한 조합. 매 시즌 새로운 형태와 실루엣을 통합하며 끊임없이 진화하는 오피디아의 세계.,50
7,[오피디아] 미디엄 GG 토트백,1810000,유서 깊은 소재를 반영한 GG 수프림을 구찌 러브 퍼레이드에서 블루/베이지 컬러의 타임리스 믹스 스타일로 선보임. 캔버스는 수십 년 동안 각 컬렉션의 전면에 나서며 하우스의 상징으로 자리잡음. 클래식 팔레트로 대표되는 미디엄 사이즈 오피디아 토트백. 레드/블루 웹(Web) 스트라이프로 완성.,50
7,[오피디아] 미디엄 GG 토트백,1810000,아카이브에서 가져온 헤리티지 소재인 GG 수프림을 구찌 러브 퍼레이드에서 다양한 컬러 조합과 컨템포러리 및 클래식 스타일을 더해 재해석함. 베이지/화이트 버전의 시그니처 소재로 제작하고 토널 트리밍으로 마무리한 오피디아 토트백. 1930년대 디자인에 처음 등장한 캔버스가 컬렉션 전반에 흐르는 유서 깊은 내러티브를 전달함.,50
7,[오피디아] 미디엄 토트백,2590000,꾸준히 구찌 시그니처 핸드백 중 하나로 대표되는 오피디아 라인. 어떤 룩이든 완성할 수 있는 다재다능한 패션소품을 시즌마다 새로운 실루엣으로 소개함. 토트백의 활용도를 높여주는 2개의 핸들로 숄더백과 탑 핸들 스타일로 연출 가능한 디자인. 부드러운 브라운 레더 소재에 더블 G를 더해 완성함.,50
7,[오피디아] 미디엄 토트백,2590000,꾸준히 구찌 시그니처 핸드백 중 하나로 대표되는 오피디아 라인. 어떤 룩이든 완성할 수 있는 다재다능한 패션소품을 시즌마다 새로운 실루엣으로 소개함. 토트백의 활용도를 높여주는 2개의 핸들로 숄더백과 탑 핸들 스타일로 연출 가능한 디자인. 부드러운 블랙 레더 소재에 더블 G를 더해 완성함.,50
7,[오피디아] 미디엄 토트백,2590000,"꾸준히 구찌 시그니처 핸드백 중 하나로 대표되는 오피디아 라인. 어떤 룩이든 완성할 수 있는 다재다능한 패션소품을 시즌마다 새로운 실루엣으로 소개함. 토트백의 활용도를 높여주는 2개의 핸들로 숄더백과 탑 핸들 스타일로 연출 가능한 디자인. 부드러운 그린 레더 소재로, 더블 G가 특징인 디자인.",50
7,[구찌 다이애나] 미디엄 토트백,4700000,1990년대 아카이브의 뱀부 토트백을 재해석한 구찌 다이애나는 구찌 디자인 전반에 흐르는 진화와 재창조의 내러티브를 전함. 부드러운 뀌르 레더 소재의 넉넉한 실루엣에 안으로 접어넣을 수 있는 2개의 레더 핸들이 있어 숄더백이나 토트백으로 다양하게 스타일링할 수 있는 디자인.,50
7,[구찌 다이애나] 미디엄 토트백,4700000,1990년대 아카이브의 뱀부 토트백을 재해석한 구찌 다이애나는 구찌 디자인 전반에 흐르는 진화와 재창조의 내러티브를 전함. 부드러운 블랙 레더 소재의 넉넉한 실루엣에 안으로 접어넣을 수 있는 2개의 레더 핸들이 있어 숄더백이나 토트백으로 다양하게 스타일링할 수 있는 디자인.,50
7,스몰 인터로킹 G 토트백,2410000,"다크 블루 라피아 크로쉐 소재 미디엄 토트백. 독특한 인터로킹 G 레더 패치가 대비를 이루는 디자인. 오래도록 사랑받아온 실루엣을 다채로운 컬러, 프린트, 엠블럼으로 새롭게 선보이며 매 시즌 시그니처 아이템을 재해석하는 브랜드의 감각을 어김없이 드러냄. ",50
7,미디엄 인터로킹 G 토트백,2660000,"그린 라피아 텍스처 비스코스로 완성한 미디엄 토트백. 독특한 인터로킹 G 레더 패치가 대비를 이루는 디자인. 오래도록 사랑받아온 실루엣을 다채로운 컬러, 프린트, 엠블럼으로 새롭게 선보이며 매 시즌 시그니처 아이템을 재해석하는 브랜드의 감각을 어김없이 드러냄.",50
7,스몰 인터로킹 G 토트백,1980000,하우스의 아카이브에서 가져온 기하학적 쉐입의 인터로킹 G 로고로 매력을 더한 최신 핸드백 셀렉션. 시그니처인 블루/레드 웹(Web) 디테일과 화이트 캔버스 베이스가 강렬한 대조를 연출함.,50
7,미디엄 인터로킹 G 토트백,2140000,구찌의 시그니처인 블루/레드 웹(Web) 스트라이프를 장식해 하우스의 승마 헤리티지를 기념하는 미디엄 토트백. 중앙의 시그니처 인터로킹 G 엠블럼이 빈티지 감성을 자아내는 디자인.,50
7,[구찌 다이애나] 미디엄 토트백,4700000,1990년대 아카이브의 뱀부 토트백을 재해석한 구찌 다이애나는 구찌 디자인 전반에 흐르는 진화와 재창조의 내러티브를 전함. 부드러운 그린 레더 소재의 넉넉한 실루엣에 안으로 접어넣을 수 있는 2개의 레더 핸들이 있어 숄더백이나 토트백으로 다양하게 스타일링할 수 있는 디자인.,50
7,[구찌 다이애나] 미디엄 토트백,6500000,전통적인 소재를 수급하기 어려웠던 전후 시대에 처음으로 사용된 뱀부는 이제 하우스 디자인 전반에 흐르는 재창조(reinvention)의 정신을 상징할 뿐만 아니라 구찌의 가장 대표적인 시그니처로 자리잡음. 계속해서 진화하는 스타일을 선보이며 재창조라는 아이디어를 구현하는 구찌 다이애나. 탈부착 가능한 레더 벨트는 핸들의 쉐입을 유지하는 데 사용되는 실용적인 밴드를 재해석한 요소. 블랙 레더 소재의 핸드백.,50
7,[구찌 블론디] 미디엄 토트백,5600000,하우스 아카이브로부터 탄생한 구찌 블론디 라인을 특징하는 라운드 인터로킹 G. 탑 핸들과 체인 숄더 스트랩이 있는 구찌 블론디 토트백. 엠블럼을 은은한 레더 패치 디테일로 재해석한 시그니처 아이템.,50
7,[오피디아] 스몰 GG 토트백,2930000,오피디아 스몰 탑 핸들 토트백. GG 수프림 캔버스로 제작. 탈착 가능한 숄더 스트랩 및 그린/레드 웹(Web) 스트라이프 인레이. 상단의 레더 탭 디테일과 지퍼 풀을 장식한 1970년대의 구찌 아카이브에서 발췌한 작은 더블 G 장식. ,50
7,[오피디아] 스몰 토트백,2930000,구찌 아리아 컬렉션에서 오피디아는 빈티지 감성의 디테일에 상징적인 하우스 코드를 더해 새롭게 해석됨. 탈부착 가능한 숄더 스트랩이 더해진 토트백. 인레이 그린/레드 웹(Web) 스트라이프와 화이트 레더 트리밍이 특징. 1970년대 구찌 아카이브 코드 느낌의 미니 버전 더블 G가 스타일을 한층 더 돋보이게 함. 상단의 레더 탭 디테일과 지퍼 풀이 특징적인 디자인.,50
7,[오피디아] GG 미디엄 토트백,3200000,오피디아 미디엄 탑 핸들백. 레트로 스타일에서 영감을 받아 탄생한 빈티지 디자인을 연상시키는 스퀘어 디자인. GG 수프림 캔버스로 제작. 구찌 하우스의 시그니처가 된 승마의 세계에 경의를 표하는 그린/레드 웹(Web) 스트라이프 장식. 1970년대 아카이브에서 차용하여 섬세한 디자인으로 새롭게 탄생시킨 더블 G 장식. 다양한 방식으로 활용할 수 있는 탈착 가능한 숄더 스트랩.,50
7,GG 마틀라세 레더 미디엄 토트백,3200000,크리에이티브 디렉터의 디자인에 매 시즌 새롭고 독창적인 방식으로 등장하는 마틀라세 레더. 구찌 러브 퍼레이드에서 시그니처 소재를 매우 부드럽게 마감하고 기하학적인 텍스처드 모티브를 더해 새롭게 선보임. 하우스의 최신 컬렉션 전반에 나타나는 90년대의 로고 트렌드를 현대적으로 해석한 디자인. 블랙 색상의 미디엄 사이즈 토트백으로 선보임.,50
7,[GG 마몽] 마틀라세 라지 토트백,3200000,특징적인 마틀라세 소재와 더블 G 메탈 장식을 적용한 GG 마몽이 하우스를 대표하는 상징으로 자리잡음. 시즌을 거듭하며 지속적으로 재해석되어 구찌의 현대적인 비전과 어울리는 새로운 쉐입을 소개하는 시그니처 라인. 쉐브론 베이스의 라지 토트백에 토널 로고 메탈 장식을 더한 라지 토트백.,50
7,[구찌 다이애나] 미디엄 토트백,7500000,1990년대의 뱀부 토트백에 영감을 받아 탄생한 구찌 다이애나는 하우스 디자인 전반에 흐르는 진화와 재창조의 내러티브를 전함. 블랙/화이트 레더 소재를 바탕으로 더블 G 메탈 장식을 더한 구조적인 실루엣. 핸들의 모양을 유지하는 기능적인 밴드인 그린 레더 벨트를 탈부착할 수 있는 디자인. ,50
8,[구찌 홀스빗 1955] 라운드 미니백,3800000,최신 컬렉션에서 활용도와 실용성이 뛰어난 미니 숄더백을 선보이며 계속해서 진화하는 구찌 1955 홀스빗 라인. 시그니처 GG 수프림 캔버스 소재의 디자인으로 플랩 클로저와 길이 조절이 가능한 숄더 스트랩이 더해진 아이템.,50
8,[구찌 홀스빗 1955] 스몰 숄더백,2080000,최신 컬렉션에서 활용도와 실용성이 뛰어난 스몰 숄더백을 선보이며 또다시 진화한 구찌 1955 홀스빗. 지퍼 클로저와 조절 가능한 숄더 스트랩을 구성한 시그니처 베이지/에보니 GG 수프림 캔버스 소재의 디자인.,50
8,[구찌 홀스빗 1955] 라운드 미니백,4100000,최신 컬렉션에서 활용도와 실용성이 뛰어난 미니 숄더백을 선보이며 계속해서 진화하는 구찌 1955 홀스빗 라인. 시그니처 브라운 레더 소재의 디자인으로 플랩 클로저와 길이 조절이 가능한 숄더 스트랩이 더해진 아이템.,50
8,[구찌 홀스빗 1955] 스몰 숄더백,2240000,최신 컬렉션에서 활용도와 실용성이 뛰어난 스몰 숄더백을 선보이며 또다시 진화한 구찌 1955 홀스빗. 지퍼 클로저와 조절 가능한 숄더 스트랩을 구성한 시그니처 브라운 레더 소재의 디자인.,50
8,[구찌 홀스빗 1955] 라운드 미니백,4100000,최신 컬렉션에서 활용도와 실용성이 뛰어난 미니 숄더백을 선보이며 계속해서 진화하는 구찌 1955 홀스빗 라인. 시그니처 블랙 레더 소재의 디자인으로 플랩 클로저와 길이 조절이 가능한 숄더 스트랩이 더해진 아이템.,50
8,[구찌 홀스빗 1955] 스몰 숄더백,2240000,최신 컬렉션에서 활용도와 실용성이 뛰어난 스몰 숄더백을 선보이며 또다시 진화한 구찌 1955 홀스빗. 지퍼 클로저와 조절 가능한 숄더 스트랩을 구성한 시그니처 블랙 레더 소재의 디자인.,50
8,[구찌 홀스빗 1955] 라운드 미니백,4100000,최신 컬렉션에서 활용도와 실용성이 뛰어난 미니 숄더백을 선보이며 계속해서 진화하는 구찌 1955 홀스빗 라인. 시그니처 화이트 레더 소재의 디자인으로 플랩 클로저와 길이 조절이 가능한 숄더 스트랩이 더해진 아이템.,50
8,[구찌 홀스빗 1955] 스몰 숄더백,2240000,최신 컬렉션에서 활용도와 실용성이 뛰어난 스몰 숄더백을 선보이며 또다시 진화한 구찌 1955 홀스빗. 지퍼 클로저와 조절 가능한 숄더 스트랩을 구성한 시그니처 화이트 레더 소재의 디자인.,50
8,[구찌 블론디] 스몰 숄더백,2660000,하우스의 가장 대담하고 현대적인 모티브로 손꼽히면서도 토널 레더로 계속해서 섬세한 스타일을 선보이는 구찌 블론디. 기하학적인 라운드 인터로킹 G를 구성해 구찌의 역동성을 표현한 라인의 블랙 레더 스몰 숄더백.,50
8,[구찌 블론디] 미니 숄더백,2320000,하우스의 가장 대담하고 현대적인 모티브로 손꼽히면서도 토널 레더로 계속해서 섬세한 스타일을 선보이는 구찌 블론디. 기하학적인 라운드 인터로킹 G를 구성해 구찌의 역동성을 표현한 라인의 블랙 레더 미니 숄더백.,50
8,[구찌 블론디] 미니 숄더백,2320000,하우스의 가장 대담하고 현대적인 모티브로 손꼽히면서도 토널 레더로 계속해서 섬세한 스타일을 선보이는 구찌 블론디. 기하학적인 라운드 인터로킹 G를 구성해 구찌의 역동성을 표현한 라인의 화이트 레더 미니 숄더백.,50
8,[구찌 블론디] 스몰 숄더백,2660000,하우스의 가장 대담하고 현대적인 모티브로 손꼽히면서도 토널 레더로 계속해서 섬세한 스타일을 선보이는 구찌 블론디. 기하학적인 라운드 인터로킹 G를 구성해 구찌의 역동성을 표현한 라인의 화이트 레더 스몰 숄더백.,50
8,[구찌 블론디] 스몰 숄더백,2670000,다양한 디테일로 끊임없이 영감을 주는 구찌 블론디. 라운드 인터로킹 G 엠블럼과 사선형 마틀라세 레더로 한층 돋보이도록 완성한 실버 디자인. 고급스러운 소재로 완성한 스몰 숄더백.,50
8,[구찌 블론디] 스몰 숄더백,2660000,하우스의 가장 대담하고 현대적인 모티브로 손꼽히면서도 토널 레더로 계속해서 섬세한 스타일을 선보이는 구찌 블론디. 기하학적인 라운드 인터로킹 G를 구성해 구찌의 역동성을 표현한 라인의 브라운 레더 미니 숄더백.,50
8,[오피디아] 미니 버킷백,2120000,탑 핸들과 숄더 스트랩이 연결된 새로운 사이즈와 스타일로 만들어 다양하게 연출할 수 있는 오피디아 라인. 시그니처 더블 G 메탈 장식으로 고급스럽게 완성된 미니 버킷백.,50
8,오피디아 GG 버킷백,2520000,구찌 헤리티지와 현대적인 감성이 어우러진 디자인을 꾸준히 선보이는 오피디아. 웹(Web) 및 더블 G 메탈 장식의 아카이브 디테일 2가지를 조합한 오피디아 라인을 프리폴 컬렉션에서 새로운 쉐입과 크기로 소개함. 하우스를 상징하는 2개의 엠블럼이 돋보이는 클래식 베이지/에보니 GG 수프림 캔버스 소재 남성용 버티컬 숄더백. 드로우스트링 클로저로 디자인을 완성함.,50
8,[오피디아] GG 스몰 핸드백,2440000,1930년대의 오리지널 구찌 롬버스 디자인에서 업그레이드되어 구찌 헤리티지의 상징으로 자리 잡은 GG 로고. 한눈에 들어오는 패턴으로 최신 오피디아 라인의 스몰 핸드백을 장식함. 더블 G 메탈 장식으로 스타일을 완성함.,50
8,[오피디아] 스몰 핸드백,2440000,1930년대의 오리지널 구찌 롬버스 디자인에서 업그레이드되어 구찌 헤리티지의 상징으로 자리잡은 GG 로고. 한눈에 들어오는 패턴으로 최신 오피디아 라인의 스몰 핸드백을 장식함. 더블 G 메탈 장식으로 스타일을 완성한 스타일.,50
8,[오피디아] GG 수프림 숄더백,2060000,빈티지 스타일을 연상시키는 돔 모양 숄더 백. Web 스트라이프 디테일 인레이의 GG 수프림 캔버스로 제작. 레더 탭 디테일 상단과 지퍼 풀을 장식한 아카이브에서 차용한 더블 G.,50
8,[오피디아] 스몰 핸드백,1490000,패션은 계절과 시대에 구애받지 않아야 한다는 메시지를 전달하는 하우스 컬렉션. 변치 않는 매력의 구찌오 구찌(Guccio Gucci) 모노그램으로 새로운 디자인에 풍성한 로고 감성을 더함. 유서 깊은 GG 수프림 캔버스로 선보이는 오피디아 스몰 핸드백. 더블 G 메탈 장식으로 완성함.,50
8,[오피디아] 스몰 GG 숄더백,2060000,아카이브에서 가져온 헤리티지 소재인 GG 수프림을 구찌 러브 퍼레이드에서 다양한 컬러 조합과 컨템포러리 및 클래식 스타일을 더해 재해석함. 베이지/화이트 버전의 시그니처 소재로 제작하고 토널 트리밍으로 마무리한 오피디아 숄더백. 1930년대 디자인에 처음 등장한 캔버스가 컬렉션 전반에 흐르는 유서 깊은 내러티브를 전달함.,50
8,[오피디아] 스몰 핸드백,1490000,패션은 계절과 시대에 구애받지 않아야 한다는 메시지를 전달하는 하우스 컬렉션. 변치 않는 매력의 구찌오 구찌(Guccio Gucci) 모노그램으로 새로운 디자인에 풍성한 로고 감성을 더함. 유서 깊은 GG 수프림 캔버스로 선보이는 오피디아 스몰 핸드백. 더블 G 메탈 장식으로 완성함.,50
8,[구찌 홀스빗 체인] 미디엄 숄더백,5100000,"아카이브 디테일을 현재로 가져와 과거를 연상시키는 구찌. 2000년대 초에 처음으로 인기를 끌었던 맥시 홀스빗으로 장식된 실루엣이 하우스의 가장 상징적인 핸드백 중 하나로 자리 잡음. 2023 가을 겨울 컬렉션에서 현대적인 방식으로 재해석하여 다채로운 컬러와 텍스처로 선보이는 아이템.
",50
8,[구찌 홀스빗 체인] 스몰 숄더백,4700000,"아카이브 디테일을 현재로 가져와 과거를 연상시키는 구찌. 2000년대 초에 처음으로 인기를 끌었던 맥시 홀스빗으로 장식된 실루엣이 하우스의 가장 상징적인 핸드백 중 하나로 자리 잡음. 2023 가을 겨울 컬렉션에서 현대적인 방식으로 재해석하여 다채로운 컬러와 텍스처로 선보이는 아이템.
",50
8,[구찌 홀스빗 체인] 미디엄 숄더백,5100000,"아카이브 디테일을 현재로 가져와 과거를 연상시키는 구찌. 2000년대 초에 처음으로 인기를 끌었던 맥시 홀스빗으로 장식된 실루엣이 하우스의 가장 상징적인 핸드백 중 하나로 자리 잡음. 2023 가을 겨울 컬렉션에서 현대적인 방식으로 재해석하여 다채로운 컬러와 텍스처로 선보이는 아이템.
",50
8,[구찌 홀스빗 체인] 스몰 숄더백,4700000,"아카이브 디테일을 현재로 가져와 과거를 연상시키는 구찌. 2000년대 초에 처음으로 인기를 끌었던 맥시 홀스빗으로 장식된 실루엣이 하우스의 가장 상징적인 핸드백 중 하나로 자리 잡음. 2023 가을 겨울 컬렉션에서 현대적인 방식으로 재해석하여 다채로운 컬러와 텍스처로 선보이는 아이템.
",50
8,[구찌 홀스빗 1955] 숄더백,4000000,2020 크루즈 컬렉션에서 소개하는 구찌 홀스빗 1955 핸드백. 아카이브 디자인을 재해석. 약 60년 전 처음 도입된 라인과 형태를 동일하게 사용하여 기존의 디테일과 현대적인 감성을 통합하고 홀스빗을 강조한 상품. 구찌 특유의 코드인 더블 링과 바 디자인은 승마 세계에서 가져온 하우스의 심볼 중 가장 상징적인 요소. 스몰 플랩 숄더백에 적용된 메탈 장식은 텍스처드 블랙 레더와 조화를 이룸. 길이를 조절할 수 있는 숄더 스트랩을 활용해 숄더백이나 크로스 바디백으로 착용 가능.,50
8,구찌 홀스빗 1955 숄더백,4000000,2020 크루즈 컬렉션에서 소개하는 구찌 홀스빗 1955 핸드백. 아카이브 디자인을 재해석. 약 60년 전 처음 도입된 라인과 형태를 동일하게 사용하여 기존의 디테일과 현대적인 감성을 통합하고 홀스빗을 강조한 상품. 구찌 특유의 코드인 더블 링과 바 디자인은 승마 세계에서 가져온 하우스의 심볼 중 가장 상징적인 요소. 스몰 플랩 숄더백에 적용된 메탈 장식은 텍스처드 브라운 레더와 조화를 이룸. 길이를 조절할 수 있는 숄더 스트랩을 활용해 숄더백이나 크로스 바디백으로 착용 가능.,50
8,[구찌 홀스빗 1955] 숄더백,3700000,아카이브 디자인을 재해석한 구찌 홀스빗 1955 숄더백. 약 60년 전 처음 도입된 라인과 형태를 동일하게 사용하여 기존의 디테일과 현대적인 감성을 통합하고 홀스빗을 강조한 상품. 구찌 특유의 코드인 더블 링과 바 디자인은 승마 세계에서 가져온 하우스의 심볼 중 가장 상징적인 요소. 스몰 플랩 숄더백에 적용된 메탈 장식은 하우스의 모노그램 패브릭과 조화를 이룸. 길이를 조절할 수 있는 숄더 스트랩을 활용해 숄더백이나 크로스 바디백으로 착용 가능.,50
8,[구찌 홀스빗 1955] 숄더백,3700000,2020 크루즈 컬렉션에서 소개된 구찌 홀스빗 1955 핸드백. 아카이브 디자인을 재해석. 약 60년 전 처음 도입된 라인과 형태를 동일하게 사용하여 기존의 디테일과 현대적인 감성을 조합하고 홀스빗을 강조한 상품. 구찌 특유의 코드인 더블 링과 바 디자인은 승마 세계에서 가져온 하우스의 심볼 중 가장 상징적인 요소. 스몰 플랩 숄더백에 적용된 메탈 장식은 하우스의 모노그램 패브릭과 조화를 이룸. 길이를 조절할 수 있는 숄더 스트랩을 활용해 숄더백이나 크로스 바디백으로 착용 가능.,50
8,[GG 마몽] 미니 숄더백,2670000,시그니처 마틀라세 소재와 더블 G 메탈 장식이 돋보이는 GG 마몽이 하우스를 대표하는 상징으로 자리 잡음. 시즌을 거듭하며 지속적으로 재해석되어 구찌의 현대적인 비전과 어울리는 새로운 쉐입을 소개하는 시그니처 라인. 레드 레더 소재를 바탕으로 앤틱 골드 톤 디테일을 장식한 디자인.,50
8,[GG 마몽] 스몰 숄더백,3500000,대담한 레드 컬러의 마틀라세 쉐브론 레더로 완성한 시그니처 스몰 GG 마몽 체인 숄더백. 부드럽게 구조가 잡힌 실루엣에 더블 G 메탈 장식의 플랩 클로저를 구성한 디자인. 체인 스트랩을 이용해 숄더백 및 탑 핸들백으로 변형 가능한 디자인.,50
8,[GG 마몽] 마틀라세 미니백,3100000,GG 마몽 미니 사이즈 소프트 스트럭처드 체인 숄더백. 오버사이즈 플랩 클로저 및 더블 G 메탈 장식. 슬라이딩 체인 스트랩을 다양한 방식으로 활용하여 숄더백/탑 핸들백 형태로 착용할 수 있습니다. 뒷면에 하트 모양으로 장식된 마틀라세 쉐브론 레더로 제작.,50
8,"[GG 마몽] 미니백
",2820000,"하우스 특유의 매력을 덧입혀 과거를 현대적으로 재해석한 더블 G 메탈 장식. 계절에 관계없이 언제나 스타일링할 수 있는 사랑받는 아이템. 시그니처 블랙 마틀라세 쉐브론 레더로 제작한 체인 스트랩 미니 카드 케이스 지갑으로, 탈부착 가능한 대조적인 화이트 레더 카드 케이스로 내부를 구성함.",50
8,"[GG 마몽] 미니백
",2820000,"하우스 특유의 매력을 덧입혀 과거를 현대적으로 재해석한 더블 G 메탈 장식. 계절에 관계없이 언제나 스타일링할 수 있는 사랑받는 아이템. 시그니처 화이트 마틀라세 쉐브론 레더로 제작한 체인 스트랩 미니 핸드백으로, 탈부착 가능한 대조적인 블랙 레더 카드 케이스가 함께 제공됨.",50
8,[GG 마몽] 마틀라세 스몰 숄더백,2430000,더블 G 메탈 장식의 탑 지퍼 클로저와 부드러운 구조가 돋보이는 레드 마틀라세 레더 소재의 GG 마몽 스몰 체인 숄더백. 레더 숄더 디테일의 체인 숄더 스트랩.,50
9,[구찌 홀스빗 1955] 스몰 숄더백,2080000,최신 컬렉션에서 활용도와 실용성이 뛰어난 스몰 숄더백을 선보이며 또다시 진화한 구찌 1955 홀스빗. 지퍼 클로저와 조절 가능한 숄더 스트랩을 구성한 시그니처 베이지/에보니 GG 수프림 캔버스 소재의 디자인.,50
9,[구찌 홀스빗 1955] 라운드 미니백,3800000,최신 컬렉션에서 활용도와 실용성이 뛰어난 미니 숄더백을 선보이며 계속해서 진화하는 구찌 1955 홀스빗 라인. 시그니처 GG 수프림 캔버스 소재의 디자인으로 플랩 클로저와 길이 조절이 가능한 숄더 스트랩이 더해진 아이템.,50
9,[구찌 홀스빗 1955] 스몰 숄더백,2240000,최신 컬렉션에서 활용도와 실용성이 뛰어난 스몰 숄더백을 선보이며 또다시 진화한 구찌 1955 홀스빗. 지퍼 클로저와 조절 가능한 숄더 스트랩을 구성한 시그니처 브라운 레더 소재의 디자인.,50
9,[구찌 홀스빗 1955] 라운드 미니백,4100000,최신 컬렉션에서 활용도와 실용성이 뛰어난 미니 숄더백을 선보이며 계속해서 진화하는 구찌 1955 홀스빗 라인. 시그니처 브라운 레더 소재의 디자인으로 플랩 클로저와 길이 조절이 가능한 숄더 스트랩이 더해진 아이템.,50
9,[구찌 홀스빗 1955] 스몰 숄더백,2240000,최신 컬렉션에서 활용도와 실용성이 뛰어난 스몰 숄더백을 선보이며 또다시 진화한 구찌 1955 홀스빗. 지퍼 클로저와 조절 가능한 숄더 스트랩을 구성한 시그니처 화이트 레더 소재의 디자인.,50
9,[구찌 홀스빗 1955] 라운드 미니백,4100000,최신 컬렉션에서 활용도와 실용성이 뛰어난 미니 숄더백을 선보이며 계속해서 진화하는 구찌 1955 홀스빗 라인. 시그니처 화이트 레더 소재의 디자인으로 플랩 클로저와 길이 조절이 가능한 숄더 스트랩이 더해진 아이템.,50
9,[구찌 홀스빗 1955] 스몰 숄더백,2240000,최신 컬렉션에서 활용도와 실용성이 뛰어난 스몰 숄더백을 선보이며 또다시 진화한 구찌 1955 홀스빗. 지퍼 클로저와 조절 가능한 숄더 스트랩을 구성한 시그니처 블랙 레더 소재의 디자인.,50
9,[구찌 홀스빗 1955] 라운드 미니백,4100000,최신 컬렉션에서 활용도와 실용성이 뛰어난 미니 숄더백을 선보이며 계속해서 진화하는 구찌 1955 홀스빗 라인. 시그니처 블랙 레더 소재의 디자인으로 플랩 클로저와 길이 조절이 가능한 숄더 스트랩이 더해진 아이템.,50
9,[구찌 블론디] 미니 숄더백,2110000,하우스의 가장 대담하고 현대적인 모티브로 손꼽히면서도 토널 레더로 계속해서 섬세한 스타일을 선보이는 구찌 블론디. 기하학적인 라운드 인터로킹 G를 구성해 구찌의 역동성을 표현한 라인의 블랙 레더 미니백.,50
9,[구찌 블론디] 미니 숄더백,2110000,하우스의 가장 대담하고 현대적인 모티브로 손꼽히면서도 토널 레더로 계속해서 섬세한 스타일을 선보이는 구찌 블론디. 기하학적인 라운드 인터로킹 G를 구성해 구찌의 역동성을 표현한 라인의 화이트 레더 미니백.,50
9,[구찌 블론디] 미니백,1580000,토널 레더에 더해져 섬세한 스타일을 완성하는 하우스의 대담한 구찌 블론디 모티브. 기하학적인 라운드 인터로킹 G 디테일을 구성해 구찌의 현대적인 디자인을 표현한 라인. 로고 디테일로 마무리한 블랙 레더 소재의 미니백.,50
9,[구찌 블론디] 미니백,1580000,토널 레더에 더해져 섬세한 스타일을 완성하는 하우스의 대담한 구찌 블론디 모티브. 기하학적인 라운드 인터로킹 G 디테일을 구성해 구찌의 현대적인 디자인을 표현한 라인. 로고 디테일로 마무리한 화이트 레더 소재의 미니백.,50
9,[구찌 블론디] 스몰 숄더백,2320000,하우스 아카이브로부터 탄생한 구찌 블론디 라인을 특징하는 라운드 인터로킹 G. 구찌 블론디 숄더백 및 크로스백과 같은 시그니처 아이템에서 섬세한 레더 패치 디테일로 엠블럼을 구현함.,50
9,[구찌 블론디] 미니 숄더백,2170000,다양한 디테일로 끊임없이 영감을 주는 구찌 블론디. 라운드 인터로킹 G 엠블럼과 사선형 마틀라세 레더로 한층 돋보이도록 완성한 실버 디자인. 고급스러운 소재로 완성한 미니 숄더백.,50
9,[오피디아] 미니백,1500000,매 시즌 새로운 쉐입과 소재를 받아들이며 끊임없이 진화하는 오피디아 세계. 베이지/에보니 GG 수프림 캔버스로 제조된 미니백은 더블 G 메탈 장식과 웹(Web) 숄더 스트랩으로 한층 더 풍성해짐.,50
9,[오피디아] 스몰 메신저백,1980000,GG 수프림 캔버스는 수십 년 동안 각 컬렉션의 전면에서 하우스를 대표하는 소재로 자리잡음. 클래식한 트래블 아이템에 현대적인 감성을 가미해 베이지/에보니 버전으로 제작한 스몰 오피디아 메신저백.,50
9,[오피디아] 스몰 GG 숄더백,2060000,아카이브에서 가져온 헤리티지 소재인 GG 수프림을 구찌 러브 퍼레이드에서 다양한 컬러 조합과 컨템포러리 및 클래식 스타일을 더해 재해석함. 베이지/화이트 버전의 시그니처 소재로 제작하고 토널 트리밍으로 마무리한 오피디아 숄더백. 1930년대 디자인에 처음 등장한 캔버스가 컬렉션 전반에 흐르는 유서 깊은 내러티브를 전달함.,50
9,[오피디아] GG 수프림 숄더백,2060000,빈티지 스타일을 연상시키는 돔 모양 숄더 백. Web 스트라이프 디테일 인레이의 GG 수프림 캔버스로 제작. 레더 탭 디테일 상단과 지퍼 풀을 장식한 아카이브에서 차용한 더블 G.,50
9,[GG 마몽] 마틀라세 숄더백,2670000,시그니처 마틀라세 소재와 더블 G 메탈 장식을 더한 GG 마몽이 하우스를 대표하는 상징으로 자리 잡음. 시즌을 거듭하며 지속적으로 재해석되어 구찌의 현대적인 비전과 어울리는 새로운 쉐입을 소개하는 시그니처 라인. 토널 버클 및 체인이 돋보이는 구조적인 블랙 레더 미니 숄더백이 풍성한 텍스처와 기하학적 형태를 탐구함.,50
9,[GG 마몽] 마틀라세 미니 숄더백,2670000,특징적인 마틀라세 소재와 더블 G 메탈 장식을 적용한 GG 마몽이 하우스를 대표하는 상징으로 자리잡음. 시즌을 거듭하며 지속적으로 재해석되어 구찌의 현대적인 비전과 어울리는 새로운 쉐입을 소개하는 시그니처 라인. 토널 버클과 체인이 돋보이는 화이트 레더 소재의 구조적인 미니 숄더백.,50
9,[GG 마몽] 스몰 숄더백,2430000,더블 G 메탈 장식의 탑 지퍼 클로저 및 스트럭쳐드 쉐입이 돋보이는 GG 마몽 스몰 체인 숄더백. 레더 숄더 디테일의 체인 숄더 스트랩. 쉐브론 디자인의 마틀라세 레더로 제작. 구찌 러브 퍼레이드에서 토널 메탈 장식을 더해 선보이는 상징적인 패션소품.,50
9,[GG 마몽] 마틀라세 숄더백,2430000,매 시즌 현대적인 핸드백 디자인을 바라보는 구찌 특유의 시선으로 새로이 해석되는 GG 마몽. 토널 에나멜 브래스 메탈 장식을 더한 화이트 레더 소재의 구조적인 숄더백.,50
9,[GG 마몽] 미니 숄더백,2070000,크리에이티브 디렉터가 아끼는 상징적인 스타일의 대표격인 GG 마몽. 한눈에 들어오는 더블 G 메탈 장식과 섬세한 마틀라세 패턴으로 완성한 소재가 돋보이는 디자인. 토널 메탈 장식을 더한 블랙 레더 소재의 미니 숄더백.,50
9,[GG 마몽] 마틀라세 미니 숄더백,2670000,특징적인 마틀라세 소재와 더블 G 메탈 장식을 적용한 GG 마몽이 하우스를 대표하는 상징으로 자리잡음. 시즌을 거듭하며 지속적으로 재해석되어 구찌의 현대적인 비전과 어울리는 새로운 쉐입을 소개하는 시그니처 라인. 토널 버클과 체인이 돋보이는 로즈 핑크 레더 소재의 구조적인 미니 숄더백.,50
9,GG 마틀라세 레더 핸드백,2580000,매우 부드러운 마감으로 하우스의 시그니처 소재가 된 마틀라세 레더. GG 텍스처드 모티브가 돋보이는 핸드백 셀렉션의 블랙 레더 백. 디자인의 로고 감성을 이어가는 전면의 더블 G 메탈 장식.,50
9,GG 마틀라세 레더 핸드백,2580000,매우 부드러운 마감으로 하우스의 시그니처 소재가 된 마틀라세 레더. GG 텍스처드 모티브가 돋보이는 핸드백 셀렉션의 핑크 레더 백. 디자인의 로고 감성을 이어가는 전면의 더블 G 메탈 장식.,50
9,GG 마틀라세 스몰 숄더백,3500000,브랜드를 대표하는 하우스 모노그램을 해석해 새롭게 선보이는 놀랍도록 부드러운 촉감의 시그니처 마틀라세 레더. 세련된 블랙 레더 바탕에 대조적인 더블 G 엠블럼을 장식해 완성한 스몰 숄더백.,50
9,GG 마틀라세 스몰 숄더백,3500000,브랜드를 대표하는 하우스 모노그램을 해석해 새롭게 선보이는 놀랍도록 부드러운 촉감의 시그니처 마틀라세 레더. 소프트 핑크 레더 바탕에 대조적인 더블 G 엠블럼을 장식해 완성한 스몰 숄더백.,50
9,GG 마틀라세 레더 버킷백,2580000,매우 부드러운 마감으로 하우스의 시그니처 소재가 된 마틀라세 레더. GG 텍스처드 모티브가 돋보이는 핸드백 셀렉션의 블랙 레더 버킷백. 디자인의 로고 감성을 이어가는 전면의 더블 G 메탈 장식.,50
9,"GG 마틀라세 레더 버킷백
   ",2580000,매우 부드러운 마감으로 하우스의 시그니처 소재가 된 마틀라세 레더. GG 텍스처드 모티브가 돋보이는 핸드백 셀렉션의 핑크 레더 백. 디자인의 로고 감성을 이어가는 전면의 더블 G 메탈 장식.,50
9,GG 마틀라세 미니 탑 핸들백,3900000,매우 부드러운 마감으로 하우스의 시그니처 소재가 된 마틀라세 레더. GG 텍스처드 모티브가 돋보이는 레더 패션소품 셀렉션의 블랙 레더 탑 핸들 미니백. 디자인의 로고 감성을 이어가는 전면의 더블 G 메탈 장식.,50
9,GG 마틀라세 미니 탑 핸들백,3900000,매우 부드러운 마감으로 하우스의 시그니처 소재가 된 마틀라세 레더. GG 텍스처드 모티브가 돋보이는 레더 패션소품 셀렉션의 핑크 탑 핸들 미니백. 디자인의 로고 감성을 이어가는 전면의 더블 G 메탈 장식.,50
9,[디오니서스] 스몰 숄더백,3600000,구찌 코스모고니 패션쇼에서 별자리에 영감을 받아 새롭게 탄생한 하우스 코드를 선보임. 상징적인 타이거 헤드 클로저로 장식한 새로운 버전의 디오니서스 핸드백. 스몰 스트럭처드 쉐입과 'Gucci' 스터드로 장식한 볼드한 웹(Web) 스트랩이 어우러짐. ,50
9,[디오니서스] 스몰 숄더백 ,3600000,구찌 코스모고니 패션쇼에서 별자리에 영감을 받아 새롭게 탄생한 하우스 코드를 선보임. 상징적인 타이거 헤드 클로저로 장식한 새로운 버전의 디오니서스 핸드백. 스몰 스트럭처드 쉐입과 'Gucci' 스터드로 장식한 볼드한 웹(Web) 스트랩이 어우러짐. ,50
9,[구찌 홀스빗 1955] 미니백,4000000,미니 버전 구찌 홀스빗 1955. 빈티지에서 영감을 얻은 라인에 하이브리드 감성을 더함. 두 가지 숄더 스트랩을 이용해 다양한 스타일링이 가능한 화이트 레더 미니백. 토널 레더 스트랩으로 절제된 우아함을 연출하거나 레드/그린 웹(Web)으로 강렬한 로고 감성을 부여할 수 있는 아이템. ,50
9,[구찌 홀스빗 1955] 미니백,4000000,미니 버전의 구찌 홀스빗 1955. 빈티지에서 영감을 얻은 라인에 현대적인 감성을 더함. 2가지 숄더 스트랩을 이용해 다양한 스타일링이 가능한 브라운 레더 미니백. 토널 레더 스트랩으로 차분하고도 우아하게 연출하거나 레드/그린 웹(Web) 스트랩으로 브랜드를 드러낼 수 있는 디자인.,50
10,[구찌 블론디] 미니 버킷백,1830000,"토널 레더에 더해져 섬세한 스타일을 완성하는 하우스의 대담한 구찌 블론디 모티브. 기하학적인 라운드 인터로킹 G 디테일을 구성해 구찌의 현대적인 디자인을 표현한 라인. 로고 디테일이 돋보이는 화이트 레더 미니 버킷백으로, 태슬 디테일로 완성함.",50
10,[구찌 블론디] 미니 버킷백,1830000,"토널 레더에 더해져 섬세한 스타일을 완성하는 하우스의 대담한 구찌 블론디 모티브. 기하학적인 라운드 인터로킹 G 디테일을 구성해 구찌의 현대적인 디자인을 표현한 라인. 로고 디테일이 돋보이는 블랙 레더 미니 버킷백으로, 태슬 디테일로 완성함.",50
10,[구찌 블론디] 미니 숄더백,2320000,하우스의 가장 대담하고 현대적인 모티브로 손꼽히면서도 토널 레더로 계속해서 섬세한 스타일을 선보이는 구찌 블론디. 기하학적인 라운드 인터로킹 G를 구성해 구찌의 역동성을 표현한 라인의 화이트 레더 미니 숄더백.,50
10,[구찌 블론디] 미니 숄더백,2320000,하우스의 가장 대담하고 현대적인 모티브로 손꼽히면서도 토널 레더로 계속해서 섬세한 스타일을 선보이는 구찌 블론디. 기하학적인 라운드 인터로킹 G를 구성해 구찌의 역동성을 표현한 라인의 블랙 레더 미니 숄더백.,50
10,[구찌 블론디] 미니백,1580000,토널 레더에 더해져 섬세한 스타일을 완성하는 하우스의 대담한 구찌 블론디 모티브. 기하학적인 라운드 인터로킹 G 디테일을 구성해 구찌의 현대적인 디자인을 표현한 라인. 로고 디테일로 마무리한 화이트 레더 소재의 미니백.,50
10,[구찌 블론디] 미니백,1580000,토널 레더에 더해져 섬세한 스타일을 완성하는 하우스의 대담한 구찌 블론디 모티브. 기하학적인 라운드 인터로킹 G 디테일을 구성해 구찌의 현대적인 디자인을 표현한 라인. 로고 디테일로 마무리한 블랙 레더 소재의 미니백.,50
10,[구찌 블론디] 미니 버킷백,1830000,"토널 레더에 더해져 섬세한 스타일을 완성하는 하우스의 대담한 구찌 블론디 모티브. 기하학적인 라운드 인터로킹 G 디테일을 구성해 구찌의 현대적인 디자인을 표현한 라인. 로고 디테일이 돋보이는 핑크 레더 미니 버킷백으로, 태슬 디테일로 완성함.",50
10,[구찌 블론디] 미니 버킷백,1830000,토널 레더에 더해져 섬세한 스타일을 완성하는 하우스의 대담한 구찌 블론디 모티브. 기하학적인 라운드 인터로킹 G 디테일을 구성해 구찌의 현대적인 디자인을 표현한 라인. 로고 디테일이 돋보이는 미니 버킷백을 실버 톤 메탈릭 레더와 태슬 디테일로 완성함.,50
10,[오피디아] 미니백,1240000,매 시즌 새로운 쉐입과 소재를 받아들이며 끊임없이 진화하는 오피디아 세계. 변치 않는 매력의 구찌오 구찌(Guccio Gucci) 모노그램으로 새로운 디자인에 풍성한 로고 감성을 더함. 유서 깊은 GG 수프림 캔버스로 선보이는 미니백. 더블 G 메탈 장식으로 완성함. ,50
10,[오피디아] 미니 버킷백,2120000,탑 핸들과 숄더 스트랩이 연결된 새로운 사이즈와 스타일로 만들어 다양하게 연출할 수 있는 오피디아 라인. 시그니처 더블 G 메탈 장식으로 고급스럽게 완성된 미니 버킷백.,50
10,[오피디아] 미니백,1500000,매 시즌 새로운 쉐입과 소재를 받아들이며 끊임없이 진화하는 오피디아 세계. 베이지/에보니 GG 수프림 캔버스로 제조된 미니백은 더블 G 메탈 장식과 웹(Web) 숄더 스트랩으로 한층 더 풍성해짐.,50
10,[오피디아] 스몰 핸드백,2440000,1930년대의 오리지널 구찌 롬버스 디자인에서 업그레이드되어 구찌 헤리티지의 상징으로 자리잡은 GG 로고. 한눈에 들어오는 패턴으로 최신 오피디아 라인의 스몰 핸드백을 장식함. 더블 G 메탈 장식으로 스타일을 완성한 스타일.,50
10,[오피디아] GG 스몰 핸드백,2440000,1930년대의 오리지널 구찌 롬버스 디자인에서 업그레이드되어 구찌 헤리티지의 상징으로 자리 잡은 GG 로고. 한눈에 들어오는 패턴으로 최신 오피디아 라인의 스몰 핸드백을 장식함. 더블 G 메탈 장식으로 스타일을 완성함.,50
10,[오피디아] 스몰 핸드백,2440000,1930년대의 오리지널 구찌 롬버스 디자인에서 업그레이드되어 구찌 헤리티지의 상징으로 자리잡은 GG 로고. 한눈에 들어오는 패턴으로 최신 오피디아 라인의 스몰 핸드백을 장식함. 더블 G 메탈 장식으로 스타일을 완성한 스타일.,50
10,[오피디아] 스몰 핸드백,1490000,패션은 계절과 시대에 구애받지 않아야 한다는 메시지를 전달하는 하우스 컬렉션. 변치 않는 매력의 구찌오 구찌(Guccio Gucci) 모노그램으로 새로운 디자인에 풍성한 로고 감성을 더함. 유서 깊은 GG 수프림 캔버스로 선보이는 오피디아 스몰 핸드백. 더블 G 메탈 장식으로 완성함.,50
10,[오피디아] 스몰 핸드백,1490000,패션은 계절과 시대에 구애받지 않아야 한다는 메시지를 전달하는 하우스 컬렉션. 변치 않는 매력의 구찌오 구찌(Guccio Gucci) 모노그램으로 새로운 디자인에 풍성한 로고 감성을 더함. 유서 깊은 GG 수프림 캔버스로 선보이는 오피디아 스몰 핸드백. 더블 G 메탈 장식으로 완성함.,50
10,[아프로디테] 미니 숄더백,1590000,1990년대 말과 2000년대 초를 휩쓴 스타일에서 영감을 받은 아프로디테 라인에서 새로운 쉐입으로 선보이는 스몰 숄더백. 하나쯤은 가지고 있어야 할 디자인에 눈에 띄는 컬러를 입히고 시그니처 더블 G 메탈 장식을 더해 세련되고도 독특한 룩을 그려냄. 부드러운 라이트 핑크 레더 소재에 골드 톤 지퍼 클로저를 더해 완성한 디자인.,50
10,[아프로디테] 미니 숄더백,1590000,1990년대 말과 2000년대 초를 휩쓴 스타일에서 영감을 받은 아프로디테 라인에서 새로운 쉐입으로 선보이는 스몰 숄더백. 하나쯤은 가지고 있어야 할 디자인에 눈에 띄는 컬러를 입히고 시그니처 더블 G 메탈 장식을 더해 세련되고도 독특한 룩을 그려냄. 부드러운 화이트 레더 소재에 골드 톤 지퍼 클로저를 더해 완성한 디자인.,50
10,[아프로디테] 미니 숄더백,1590000,1990년대 말과 2000년대 초를 휩쓴 스타일에서 영감을 받은 아프로디테 라인에서 새로운 쉐입으로 선보이는 스몰 숄더백. 하나쯤은 가지고 있어야 할 디자인에 눈에 띄는 컬러를 입히고 시그니처 더블 G 메탈 장식을 더해 세련되고도 독특한 룩을 그려냄. 부드러운 블랙 레더 소재에 골드 톤 지퍼 클로저를 더해 완성한 디자인.,50
10,[구찌 홀스빗 1955] 미니백,2290000,아카이브 디자인에서 영감을 받아 60여년 전 처음으로 선보인 기존의 디테일에 현대적인 감성을 드리워 재해석한 구찌 홀스빗 1955의 세계. 구찌 특유의 코드인 더블 링과 바 디자인은 승마 세계에서 가져온 하우스의 심볼 중 가장 상징적인 요소. 카드 홀더를 탈부착 가능한 디자인으로 다채롭게 스타일링할 수 있는 미니백.,50
10,[구찌 홀스빗 1955] 미니백,2570000,아카이브 디자인에서 영감을 받아 재해석된 구찌 홀스빗 1955의 세계는 약 60년 전 처음으로 도입된 기존의 디테일과 현대적인 감성을 조합함. 구찌 특유의 코드인 더블 링과 바 디자인은 승마 세계에서 가져온 하우스의 심볼 중 가장 상징적인 요소. 탈부착 가능한 카드 홀더를 사용해 다양하게 스타일링할 수 있는 미니백.,50
10,[구찌 홀스빗 1955] 미니백,1610000,시대를 초월하는 할리우드의 매력을 기념하며 하우스 아카이브의 클래식 요소들을 재해석해 선보인 구찌 러브 퍼레이드. 시선을 사로잡는 라인 시그니처 메탈 장식을 더한 구찌 홀스빗 1955 유니버스의 미니백.,50
10,[구찌 홀스빗 1955] 미니백,1490000,하우스의 모노그램 캔버스로 선보인 구찌 홀스빗 1955 직사각형 미니백. 아카이브 디자인에서 영감을 얻어 승마 세계에서 차용한 하우스의 심볼 중 가장 상징적인 요소인 더블 링과 바 디자인을 강조. 다양하게 착용 및 스타일링할 수 있어 하우스의 모든 구성원을 포용하는 아이템.,50
10,[구찌 홀스빗 1955] 미니백,1610000,시대를 초월하는 할리우드의 매력을 기념하며 하우스 아카이브의 클래식 요소들을 재해석해 선보인 구찌 러브 퍼레이드. 시선을 사로잡는 라인 시그니처 메탈 장식을 더한 구찌 홀스빗 1955 유니버스의 미니백. 베이지/화이트 컬러로 선보이는 상징적인 GG 수프림 캔버스가 패션소품을 새롭게 탄생시킴.,50
10,[오피디아] 미니 GG 숄더백,1750000,구찌 헤리티지와 현대적인 감성이 어우러진 디자인을 꾸준히 선보이는 오피디아. 웹(Web) 및 더블 G 메탈 장식의 아카이브 디테일 2가지를 조합한 오피디아 라인을 프리폴 컬렉션에서 새로운 쉐입과 크기로 소개함. 클래식한 베이지/에보니 GG 수프림 소재의 미니 숄더백.,50
10,[오피디아] 미니 체인백,1710000,"시그니처 소재와 컬러로 새로운 패션소품을 선보이는 오피디아 라인. 상징적인 베이지/에보니 GG 수프림 캔버스 소재 미니백으로, 체인 스트랩이 있어 숄더백으로 사용 가능한 디자인. 웹(Web) 스트라이프로 아카이브 감성을 더해 디자인을 완성함. ",50
10,[오피디아] GG 미니백,1450000,크레센트 쉐입의 미니백을 선보이며 한층 더 풍성해지는 오피디아 라인. 하우스 모노그램 캔버스 소재. 하프문 쉐입 실루엣과 레트로 감성이 조화를 이루며 1990년대 디자인을 연상시킴. ,50
10,[오피디아] GG 미니백,1450000,유서 깊은 소재를 반영한 GG 수프림을 구찌 러브 퍼레이드에서 블루/베이지 컬러의 타임리스 믹스 스타일로 선보임. 친환경 공정으로 제작된 캔버스는 수십 년 동안 각 컬렉션의 전면에 나서며 하우스의 상징으로 자리잡음. 클래식 팔레트로 대표되는 오피디아 라인의 미니백.,50
10,"[GG 마몽] 미니백
",2820000,"하우스 특유의 매력을 덧입혀 과거를 현대적으로 재해석한 더블 G 메탈 장식. 계절에 관계없이 언제나 스타일링할 수 있는 사랑받는 아이템. 시그니처 화이트 마틀라세 쉐브론 레더로 제작한 체인 스트랩 미니 핸드백으로, 탈부착 가능한 대조적인 블랙 레더 카드 케이스가 함께 제공됨.",50
10,"[GG 마몽] 미니백
",2820000,"하우스 특유의 매력을 덧입혀 과거를 현대적으로 재해석한 더블 G 메탈 장식. 계절에 관계없이 언제나 스타일링할 수 있는 사랑받는 아이템. 시그니처 블랙 마틀라세 쉐브론 레더로 제작한 체인 스트랩 미니 카드 케이스 지갑으로, 탈부착 가능한 대조적인 화이트 레더 카드 케이스로 내부를 구성함.",50
10,[GG 마몽] 마틀라세 체인 미니백,2480000,"하우스 특유의 매력을 덧입혀 과거를 현대적으로 재해석한 더블 G 메탈 장식. 계절에 관계없이 언제나 스타일링할 수 있는 사랑받는 아이템. 시그니처 화이트 마틀라세 쉐브론 레더로 제작한 체인 미니백으로, 카드 슬롯 2개로 내부를 구성함.",50
10,[GG 마몽] 마틀라세 체인 미니백,2480000,"하우스 특유의 매력을 덧입혀 과거를 현대적으로 재해석한 더블 G 메탈 장식. 계절에 관계없이 언제나 스타일링할 수 있는 사랑받는 아이템. 시그니처 블랙 마틀라세 쉐브론 레더로 제작한 체인 미니백으로, 카드 슬롯 2개로 내부를 구성함.",50
10,[GG 마몽] 마틀라세 미니 숄더백,2670000,특징적인 마틀라세 소재와 더블 G 메탈 장식을 적용한 GG 마몽이 하우스를 대표하는 상징으로 자리잡음. 시즌을 거듭하며 지속적으로 재해석되어 구찌의 현대적인 비전과 어울리는 새로운 쉐입을 소개하는 시그니처 라인. 토널 버클과 체인이 돋보이는 화이트 레더 소재의 구조적인 미니 숄더백.,50
10,[GG 마몽] 마틀라세 미니 숄더백,2670000,특징적인 마틀라세 소재와 더블 G 메탈 장식을 적용한 GG 마몽이 하우스를 대표하는 상징으로 자리잡음. 시즌을 거듭하며 지속적으로 재해석되어 구찌의 현대적인 비전과 어울리는 새로운 쉐입을 소개하는 시그니처 라인. 토널 버클과 체인이 돋보이는 로즈 핑크 레더 소재의 구조적인 미니 숄더백.,50
10,[GG 마몽] 마틀라세 숄더백,1700000,특징적인 마틀라세 소재와 더블 G 메탈 장식을 적용한 GG 마몽이 하우스를 대표하는 상징으로 자리잡음. 시즌을 거듭하며 지속적으로 재해석되어 구찌의 현대적인 비전과 어울리는 새로운 쉐입을 소개하는 시그니처 라인. 블랙 레더로 선보이며 앤틱 골드 톤 디테일로 더욱 풍성해진 아이템.,50
10,[GG 마몽] 하프문 쉐입 미니백,1870000,"크레센트 실루엣과 더스티 핑크 텍스처드 레더를 결합한 독특한 레트로 감성의 미니백. 각 컬렉션은 다채로운 시대를 헤치고 나아가는 여정으로, 아카이브 코드가 깃든 빈티지 요소나 현대적인 디테일을 조합해 시공간 바깥에 존재하는 새로운 디자인을 선보임. GG 마몽의 세계에 전반적으로 흐르는 매혹적인 과거의 컨셉을 반영한 작은 패션소품.",50
11,[구찌 홀스빗 체인] 스몰 숄더백,4700000,아카이브 디테일을 현재로 가져와 과거를 연상시키는 구찌. 2000년대 초에 처음으로 인기를 끌었던 맥시 홀스빗으로 장식된 실루엣이 하우스의 가장 상징적인 핸드백 중 하나로 자리 잡음. 2023 가을 겨울 컬렉션에서 현대적인 방식으로 재해석하여 다채로운 컬러와 텍스처로 선보이는 아이템.,50
11,[구찌 홀스빗 1955] 스몰 숄더백,4800000,유서 깊은 홀스빗의 70주년을 기념하여 최신 컬렉션에서 반짝이는 크리스털 베젤로 재해석한 메탈 장식. 크리스털 홀스빗처럼 우아한 디테일을 새롭게 더해 고급스럽게 완성한 화이트 레더 스몰 숄더백.,50
11,[구찌 홀스빗 1955] 스몰 숄더백,4800000,유서 깊은 홀스빗의 70주년을 기념하여 최신 컬렉션에서 반짝이는 크리스털 베젤로 재해석한 메탈 장식. 크리스털 홀스빗처럼 우아한 디테일을 새롭게 더해 고급스럽게 완성한 핑크 레더 스몰 숄더백.,50
11,[구찌 홀스빗 1955] 스몰 숄더백,4800000,유서 깊은 홀스빗의 70주년을 기념하여 최신 컬렉션에서 반짝이는 크리스털 베젤로 재해석한 메탈 장식. 크리스털 홀스빗처럼 우아한 디테일을 새롭게 더해 고급스럽게 완성한 블랙 레더 스몰 숄더백.,50
11,[디오니서스] 스몰 숄더백,3200000,컬렉션 전반에 등장하는 새로운 소재의 조합과 풍부한 컬러가 하우스의 가장 상징적인 스타일에 고급스러운 느낌을 부여함. 푸시아 스트라이프 텍스처 소재로 선보이는 디오니서스 스몰 숄더백. 반짝이는 크리스털 장식의 체인 숄더 스트랩으로 디자인을 완성함.,50
11,[디오니서스] 스몰 숄더백,3200000,컬렉션 전반에 등장하는 새로운 소재의 조합과 풍부한 컬러가 하우스의 가장 상징적인 스타일에 고급스러운 느낌을 부여함. 블랙 스트라이프 텍스처 소재로 선보이는 디오니서스 스몰 숄더백. 반짝이는 크리스털 장식의 체인 숄더 스트랩으로 디자인을 완성함.,50
11,[디오니서스] 스몰 숄더백,4000000,컬렉션 전반에 등장하는 새로운 소재의 조합과 풍부한 컬러가 하우스의 가장 상징적인 스타일에 고급스러운 느낌을 부여함. GG 크리스털 장식의 블랙 실크 새틴으로 선보이는 디오니서스 스몰 숄더백. 반짝이는 크리스털 장식의 체인 숄더 스트랩으로 디자인을 완성함.,50
11,[디오니서스] 미니 탑 핸들백,4000000,블랙 레더로 선보이는 디오니서스 미니 탑 핸들백. 질감을 살린 시그니처 타이거 헤드 클로저로 완성한 구조적인 쉐입. 탑 핸들과 레더 스트랩으로 다양하게 스타일링할 수 있는 디자인.,50
11,[재키 1961] 미니 숄더백,5000000,페이턴트 레더의 빛을 머금은 광택이 유쾌하면서도 세련된 느낌을 자아냄. 구찌 러브 퍼레이드 컬렉션에서 밝은 화이트 컬러의 글로시한 소재로 재해석해 선보이는 재키 1961의 미니 버전. 볼드한 컬러가 패션쇼에서 오마주한 자기표현의 감성을 드러냄.,50
11,[재키 1961] 미니 숄더백,5000000,"페이턴트 레더의 빛을 머금은 광택이 유쾌하면서도 세련된 느낌을 자아냄. 구찌 러브 퍼레이드 컬렉션에서 부드러운 핑크 컬러의 글로시한 소재로 재해석해 선보이는 재키 1961의 미니 버전. 윤기가 흐르는 꿈 같은 컬러 팔레트의 패션소품으로, 패션쇼를 정의하는 빈티지한 매력을 드러냄.",50
11,[재키 1961] 미니 숄더백,5000000,"페이턴트 레더의 빛을 머금은 광택이 유쾌하면서도 세련된 느낌을 자아냄. 구찌 러브 퍼레이드 컬렉션에서 부드러운 블루 컬러의 글로시한 소재로 재해석해 선보이는 재키 1961의 미니 버전. 윤기가 흐르는 꿈 같은 컬러 팔레트의 패션소품으로, 패션쇼를 정의하는 빈티지한 매력을 드러냄.",50
11,[재키 1961] 미니 숄더백,5000000,"블랙 페이턴트 레더로 선보이는 상징적인 쉐입의 재키 1961. 탈부착 가능한 보조 체인 스트랩이 돋보이며, 크리스털 장식의 인터로킹 G 참으로 로고 감성을 더함. 현대적인 감성이 깃든 아카이브 스타일로, 탑 핸들백, 숄더백, 크로스백 등 다양한 방식으로 착용 가능함.",50
11,[재키 1961] 라메 미니백,3900000,"강렬한 느낌의 라메 레더로 선보이는 상징적인 쉐입의 재키 1961. 탈부착 가능한 보조 스트랩이 아카이브 스타일에 현대적인 감성을 더하며, 탑 핸들백, 숄더백, 크로스백 등 다양한 방식으로 착용 가능함.",50
11,무아레 패브릭 보우 핸드백,7800000,서로 다른 수십 년간의 디테일을 가득 채워 독특한 내러티브를 전하는 이브닝 핸드백 컬렉션. 크리스털 보우와 GG 크리스털 자수로 클래식한 실루엣에 경쾌한 감성을 불어넣은 디자인.,50
11,무아레 패브릭 보우 핸드백,6200000,서로 다른 수십 년간의 디테일을 가득 채워 독특한 내러티브를 전하는 이브닝 핸드백 컬렉션. 크리스털 보우와 GG 크리스털 자수로 클래식한 실루엣에 경쾌한 감성을 불어넣은 디자인.,50
11,새틴 보우 핸드백,5500000,서로 관련이 없어 보이는 요소에서 동시성을 발견해 구상한 알레산드로 미켈레의 최신 구찌 코스모고니 컬렉션. 여러 시대에서 가져온 디테일을 풍성하게 채워 크리에이티브 디렉터의 ‘자유분방한 사고’를 생생하게 구현함. 크리스털을 장식한 보우로 내러티브를 전하고 클래식한 실루엣에 재치 있는 분위기를 드리운 클러치 컬렉션.,50
11,새틴 보우 핸드백,4500000,서로 관련이 없어 보이는 요소에서 동시성을 발견해 구상한 알레산드로 미켈레의 최신 구찌 코스모고니 컬렉션. 여러 시대에서 가져온 디테일을 풍성하게 채워 크리에이티브 디렉터의 ‘자유분방한 사고’를 생생하게 구현함. 크리스털을 장식한 보우로 내러티브를 전하고 클래식한 실루엣에 재치 있는 분위기를 드리운 클러치 컬렉션.,50
11,무아레 패브릭 보우 핸드백,6300000,서로 다른 수십 년간의 디테일을 가득 채워 독특한 내러티브를 전하는 이브닝 핸드백 컬렉션. 크리스털 보우와 GG 크리스털 자수로 클래식한 실루엣에 경쾌한 감성을 불어넣은 디자인.,50
11,크리스털 보우 메탈 미니 핸드백,7800000,서로 관련이 없어 보이는 요소에서 동시성을 발견해 구상한 알레산드로 미켈레의 최신 구찌 코스모고니 컬렉션. 여러 시대에서 가져온 디테일을 풍성하게 채워 크리에이티브 디렉터의 ‘자유분방한 사고’를 생생하게 구현함. 크리스털을 장식한 보우로 내러티브를 전하고 클래식한 실루엣에 재치 있는 분위기를 드리운 클러치 컬렉션.,50
11,[구찌 홀스빗 1955] 수퍼 미니백,2480000,2023 가을 겨울 시즌을 맞아 미니어처 버전으로 새로워진 구찌의 시그니처 디자인. 상징적인 메탈 장식과 마감 디테일은 그대로 살린 채 사이즈만 줄여 선보이는 재치 있는 구찌 홀스빗 1955 미니백. 다양하게 스타일링할 수 있어 매일 들기 좋은 아이템. 메탈릭 라이트 블루 라미네이트 레더 소재가 돋보임.,50
11,[구찌 홀스빗 1955] 수퍼 미니백,2480000,2023 가을 겨울 시즌을 맞아 미니어처 버전으로 새로워진 구찌의 시그니처 디자인. 상징적인 메탈 장식과 마감 디테일은 그대로 살린 채 사이즈만 줄여 선보이는 재치 있는 블랙 레더 구찌 홀스빗 1955 미니백. 다양하게 스타일링할 수 있어 매일 들기 좋은 아이템.,50
11,[구찌 다이애나] 수퍼 미니백,2480000,2023 가을 겨울 시즌을 맞아 미니어처 버전으로 새로워진 구찌의 시그니처 디자인. 상징적인 메탈 장식과 마감 디테일은 그대로 살린 채 사이즈만 줄여 선보이는 재치 있는 구찌 다이애나 미니백. 다양하게 스타일링할 수 있어 매일 들기 좋은 디자인. 메탈릭 골드 라미네이트 레더 소재로 제작.,50
11,[구찌 다이애나] 수퍼 미니백,2480000,2023 가을/겨울 시즌을 맞아 미니어처 버전으로 새로워진 구찌의 시그니처 디자인. 상징적인 메탈 장식과 마감 디테일은 그대로 살린 채 사이즈만 줄여 선보이는 재치 있는 블랙 레더 구찌 다이애나 미니백. 다양하게 스타일링할 수 있어 매일 들기 좋은 아이템.,50
11,[재키 1961] 수퍼 미니백,2480000,2023 가을 겨울 시즌을 맞아 미니어처 버전으로 새로워진 구찌의 시그니처 디자인. 상징적인 메탈 장식과 마감 디테일은 그대로 살린 채 사이즈만 줄여 선보이는 재치 있는 블랙 레더 재키 1961 미니백. 다양하게 스타일링할 수 있어 매일 들기 좋은 아이템.,50
11,[재키 1961] 수퍼 미니백,2480000,2023 가을 겨울 시즌을 맞아 미니어처 버전으로 새로워진 구찌의 시그니처 디자인. 상징적인 메탈 장식과 마감 디테일은 그대로 살린 채 사이즈만 줄여 선보이는 재치 있는 재키 1961 미니백. 다양하게 스타일링할 수 있어 매일 들기 좋은 아이템. 메탈릭 핑크 라미네이트 레더 소재가 돋보임.,50
11,[구찌 뱀부 1947] 수퍼 미니백,2480000,2023 가을 겨울 시즌을 맞아 미니어처 버전으로 새로워진 구찌의 시그니처 디자인. 상징적인 메탈 장식과 마감 디테일은 그대로 살린 채 사이즈만 줄여 선보이는 재치 있는 블랙 레더 구찌 뱀부 1947 미니백. 다양하게 스타일링할 수 있어 매일 들기 좋은 디자인.,50
11,[구찌 뱀부 1947] 수퍼 미니백,2480000,2023 가을 겨울 시즌을 맞아 미니어처 버전으로 새로워진 구찌의 시그니처 디자인. 상징적인 메탈 장식과 마감 디테일은 그대로 살린 채 사이즈만 줄여 선보이는 재치 있는 구찌 뱀부 1947 미니백. 다양하게 스타일링할 수 있어 매일 들기 좋은 아이템. 메탈릭 실버 라미네이트 레더 소재가 돋보임.,50
11,[구찌 블론디] 숄더백,4200000,라운드 쉐입의 인터로킹 G 로고를 하우스의 아카이브에서 가져와 재해석한 구찌 러브 퍼레이드. 패션소품에 세련된 감성을 더하는 섬세한 체인 스트랩으로 화이트 레더 소재 숄더백을 완성함.,50
11,[구찌 블론디] 숄더백,4200000,라운드 쉐입의 인터로킹 G 로고를 하우스의 아카이브에서 가져와 재해석한 구찌 러브 퍼레이드. 패션소품에 세련된 감성을 더하는 섬세한 체인 스트랩으로 뀌르 레더 소재 숄더백을 완성함.,50
11,[구찌 블론디] 숄더백,4200000,빈티지 요소와 아카이브 디테일을 결합해 구찌 러브 퍼레이드 패션쇼에 깃든 화려한 매력을 기념함. 섬세한 체인 스트랩과 블랙 레더가 어우러져 타임리스 감성을 자아내는 숄더백. 컬렉션에서 다시 한번 선보이는 라운드 실루엣을 유서 깊은 구찌오 구찌(Guccio Gucci) 모노그램의 라운드 버전으로 완성함.,50
11,[구찌 블론디] 숄더백,3600000,빈티지 요소와 아카이브 디테일을 결합해 구찌 러브 퍼레이드 패션쇼에 깃든 화려한 매력을 기념함. 섬세한 체인 스트랩과 GG 수프림 캔버스가 어우러져 타임리스 감성을 자아내는 숄더백. 컬렉션에서 다시 한번 선보이는 라운드 실루엣을 유서 깊은 구찌오 구찌(Guccio Gucci) 모노그램의 라운드 버전으로 완성함.,50
11,[재키 1961] 시퀸 미니백,7500000,"다시 한번 상징적인 쉐입의 전면에 탈부착 가능한 숄더 스트랩을 더해 한층 풍성한 스타일로 선보이는 재키 1961. 버클 클로저에 부착된 보조 스트랩으로 아카이브 스타일에 현대적인 감성을 더하며, 탑 핸들 백, 숄더백, 크로스백 등으로 다양하게 스타일링 가능함. 최신 컬렉션에서 시퀸 장식의 블랙 실크 새틴으로 선보이는 스타일.",50
11,[구찌 다이애나] GG 크리스털 미니 토트백,7500000,구찌 코스모고니에서 크리에이티브 디렉터는 수많은 모티브를 통해 시간을 가로지르는 가교를 쌓아올림. 오렌지 무아레 소재를 장식한 GG 크리스털이 빛을 받아 영롱히 반짝이는 디자인. 전통적인 소재를 수급하기 어려웠던 전후 시대에 처음으로 사용된 뱀부는 이제 하우스 디자인 전반에 흐르는 재창조(reinvention)의 정신을 상징할 뿐만 아니라 구찌의 가장 대표적인 시그니처로 자리잡음.,50
11,[구찌 다이애나] 미니 토트백,5000000,로스앤젤레스 명예의 거리(Walk of Fame)에서 펼쳐진 2020년 2월 이후 하우스의 첫 오프라인 패션쇼인 구찌 러브 퍼레이드. 컬렉션은 옛 할리우드의 화려한 타임리스 스타일에 영감을 받아 전통적인 아이템을 현대적으로 재해석해 선보임. 상징적인 실루엣에 세련된 감성의 크리스털 장식과 카멜/에보니 GG 캔버스로 선보이는 구찌 다이애나 미니 토트백.,50
11,[구찌 홀스빗 1955] GG 미니백,5000000,카멜/에보니 GG 캔버스 소재로 선보이는 크리스털 장식의 핸드백. 구찌 홀스빗 1955의 스트럭처드 쉐입과 간결한 라인으로 컬렉션의 시그니처인 골드 톤 메탈 장식을 강조함. 구찌 특유의 코드인 더블 링과 바 디자인은 승마 세계에서 가져온 하우스의 심볼 중 가장 상징적인 요소. 모노그램 디테일을 장식한 섬세한 체인 스트랩이 세련된 감각을 더함.,50
11,[재키 1961] GG 크리스털 미니백,7500000,GG 크리스털을 장식한 블랙 무아레 소재에 블랙 리자드 레더를 트리밍해 상징적인 디자인을 고급스럽게 풀어낸 재키 1961 핸드백. 스타일을 정의하는 유서 깊은 심볼. 라인을 대표하는 골드 톤 피스톤 클로저와 미니어처 인터로킹 G 모티브를 장식한 섬세한 체인 스트랩으로 완성한 미니백.,50
12,[GG 마몽] 장지갑,990000,하우스 모노그램 미니어처 메탈 장식이 돋보이는 장지갑. 1970년대 벨트 버클로 처음 선보인 후 하우스의 유서 깊은 상징으로 자리 잡은 더블 G. GG 수프림 캔버스와 오트밀 레더 소재.,50
12,[GG 마몽] 체인 지갑,1250000,하우스의 모노그램 캔버스와 부드러운 라이트 핑크 레더를 조합하고 섬세한 체인 스트랩으로 디자인을 완성한 슬림한 지갑. 상징적인 더블 G 메탈 장식의 미니 버전이 돋보이는 GG 마몽 라인 지갑.,50
12,[GG 마몽] 지퍼 달린 지갑,930000,GG 수프림 캔버스와 핑크 레더가 조화를 이루는 지퍼 달린 지갑을 선보이며 더욱 풍성해진 GG 마몽 라인. 1970년대 아카이브에서 차용한 시그니처 더블 G 메탈 장식이 스타일을 완성.,50
12,[GG 마몽] 장지갑,1000000,작은 더블 G 메탈 장식으로 은은한 로고 감성을 더한 GG 마몽 장지갑. 하우스의 시그니처 레더 소품에 오리지널 컬러 조합으로 독특한 변주를 가미함. 라이트 그레이 레더 소재를 바탕으로 내부를 라이트 핑크 컬러로 선보인 패션소품. ,50
12,[GG 마몽] 미니 체인백,1570000,작은 더블 G 메탈 장식으로 은은한 로고 감성을 더한 GG 마몽 미니 체인백. 반짝이며 시선을 사로잡는 조합으로 하우스의 시그니처 레더 소품에 독특한 매력을 더함. 토널 메탈 장식을 더한 메탈릭 실버 레더 패션소품.,50
12,[GG 마몽] 지퍼 달린 지갑,930000,GG 수프림 캔버스와 블랙 레더가 조화를 이루는 지퍼 달린 지갑을 선보이며 더욱 풍성해진 GG 마몽 라인. 1970년대 아카이브에서 차용한 시그니처 더블 G 메탈 장식이 스타일을 완성.,50
12,[GG 마몽] 체인 지갑,1250000,하우스 모노그램 캔버스와 부드러운 블랙 레더 소재의 슬림한 지갑. 섬세한 체인 스트랩이 돋보임. 상징적인 더블 G 메탈 장식 미니 버전으로 완성되는 GG 마몽 라인.,50
12,[GG 마몽] 레더 장지갑,970000,하우스 모노그램 캔버스와 블랙 레더 소재로 선보이는 키 케이스. 스타일을 완성하는 작은 하우스 더블 G 모노그램 메탈 장식. 스냅 클로저로 내부의 여러 개 카드 슬롯과 2개의 지폐 컴파트먼트를 안전하게 보호.,50
12,[구찌 블론디] 지퍼 달린 지갑,1280000,토널 레더에 더해져 섬세한 스타일을 완성하는 하우스의 대담한 구찌 블론디 모티브. 기하학적인 라운드 인터로킹 G 디테일을 구성해 구찌의 현대적인 디자인을 표현한 라인. 로고 디테일로 마무리한 브라운 레더 소재의 지퍼 달린 지갑.,50
12,[구찌 블론디] 장지갑,1340000,토널 레더에 더해져 섬세한 스타일을 완성하는 하우스의 대담한 구찌 블론디 모티브. 기하학적인 라운드 인터로킹 G 디테일을 구성해 구찌의 현대적인 디자인을 표현한 라인. 로고 디테일로 마무리한 장지갑.,50
12,[오피디아] GG 장지갑,1240000,"컬렉션을 정의하는 자기표현의 정신. 자기표현이라는 테마를 반영해, 아카이브 요소의 조합으로 하우스의 현대적인 정신을 표현하는 새로운 세계를 만들어냄. 그린/레드 웹(Web) 스트라이프와 더블 G로 포인트를 준 GG 수프림 지갑.",50
12,[오피디아] GG 장지갑,1240000,1930년대 선보인 오리지널 구찌 마름모 디자인에서 발전되어 1970년대 처음 선보인 이래로 구찌 유산의 상징으로 자리 잡은 GG 로고. 구찌 유산에 경의를 표하며 변함없는 가치를 선사하는 Web 스트라이프와 결합한 시그니처 모티브.,50
12,[오피디아] GG 지퍼 달린 지갑,1130000,벨트백. 1930년대 선보인 오리지널 구찌 마름모 디자인에서 발전되어 1970년대 처음 선보인 이래로 구찌 유산의 상징으로 자리 잡은 GG 로고. 구찌 유산에 경의를 표하며 변함없는 가치를 선사하는 Web 스트라이프와 결합한 시그니처 모티브.,50
12,[오피디아] GG 미니백,1110000,GG 수프림 캔버스 소재의 미니백. 2020 크루즈에서 새로운 패션소품으로 선보이는 오피디아. 유서 깊은 그린과 레드 하우스 웹(Web) 트리밍과 오피디아 라인의 상징인 타원형 에나멜 더블 G 디테일로 스타일을 완성.,50
12,뱀부 지퍼 달린 지갑,1080000,"뱀부 지퍼 클로저가 돋보이며 구찌 헤리티지를 상징하는 소재를 오마주한 지퍼 달린 지갑. 블랙 레더로 제작되었으며, 골드 톤 더블 G 모노그램 메탈 장식으로 완성된 패션소품.",50
12,뱀부 지퍼 달린 지갑,1080000,"뱀부 지퍼 클로저가 돋보이며 구찌 헤리티지를 상징하는 소재를 오마주한 지퍼 달린 지갑. 핑크 레더로 제작되었으며, 골드 톤 더블 G 모노그램 메탈 장식으로 완성된 패션소품.",50
12,[GG 마몽] 마틀라세 미니백,2370000,"하우스 특유의 매력을 덧입혀 과거를 현대적으로 재해석한 더블 G 메탈 장식. 계절에 관계없이 언제나 스타일링할 수 있는 사랑받는 아이템. 시그니처 블랙 마틀라세 쉐브론 레더로 제작한 체인 미니백으로, 카드 슬롯 여러 개로 내부를 구성함.",50
12,[GG 마몽] 마틀라세 미니백,2370000,"하우스 특유의 매력을 덧입혀 과거를 현대적으로 재해석한 토널 더블 G 메탈 장식. 계절에 관계없이 언제나 스타일링할 수 있는 사랑받는 아이템. 시그니처 화이트 마틀라세 쉐브론 레더로 제작한 체인 미니백으로, 카드 슬롯 여러 개로 내부를 구성함. ",50
12,[GG 마몽] 마틀라세 미니백,2370000,역동적인 내러티브를 중심으로 진화를 거듭하는 구찌의 시그니처 작은 패션소품. 새로운 시즌을 알리는 섬세한 로즈 베이지 컬러가 돋보이는 2023 봄 여름 레더 소품 컬렉션. 어울리는 토널 메탈 장식을 더한 GG 마몽 미니백.,50
12,[구찌 다이애나] 뱀부 미니백,1680000,블랙 레더 소재의 다이애나 미니백. 앞면의 은은한 디테일로 재해석한 뱀부 핸들이 돋보이는 슬림한 실루엣의 핸드백.,50
12,[GG 마몽] 미니 체인백,1570000,"작은 더블 G 메탈 장식으로 은은한 로고 감성을 더한 GG 마몽 미니 체인백. 오리지널 컬러 조합에 독특한 변주를 가미해 시그니처 하우스 디자인을 새롭게 선보임. 외부는 오트밀 레더, 내부는 옐로우 레더의 투톤으로 제작한 패션소품. ",50
12,쁘띠 GG 장지갑,1410000,시그니처 엠블럼을 절제된 스타일로 선보이며 클래식한 더블 G 디테일을 작게 장식한 쁘띠 GG 라인의 새로운 레더 소품 셀렉션. GG 수프림을 바탕으로 단색 레더 디테일과 팔라듐 피니시의 우아한 로고가 어우러진 디자인. 하우스 엠블럼이 돋보이는 블랙 레더 장지갑.,50
12,[오피디아] GG 미니백,1570000,두 시그니처 모티브이자 구찌의 기원에 경의를 표하는 타임리스 요소인 웹(Web) 스트라이프와 GG 로고를 결합한 미니백. 1930년대 선보인 오리지널 구찌 롬버스 디자인에서 영감을 얻어 1970년대 처음 선보인 이래로 구찌 헤리티지의 상징으로 자리 잡은 GG 로고.,50
12,[오피디아] GG 미니백,1450000,크레센트 쉐입의 미니백을 선보이며 한층 더 풍성해지는 오피디아 라인. 하우스 모노그램 캔버스 소재. 하프문 쉐입 실루엣과 레트로 감성이 조화를 이루며 1990년대 디자인을 연상시킴. ,50
12,[오피디아] GG 체인 지갑,1570000,새로운 쉐입과 실루엣의 오피디아 지갑. 구찌 하우스의 유서 깊은 상징이 된 GG 모티브 및 웹(Web) 스트라이프 장식. 두 가지 스타일로 연출할 수 있는 탈착 가능한 체인 스트랩을 활용하여 미니백으로도 착용 가능.,50
12,[GG 마몽] 지퍼 달린 레더 지갑,900000,스몰 더블 G 메탈 디테일의 지퍼 지갑. 텍스처 레더로 제작.,50
12,[GG 마몽] 레더 장지갑,1000000,스몰 더블 G 메탈 디테일의 장지갑. 텍스처 레더로 제작.,50
12,[GG 마몽] 장지갑,1190000,GG 마몽 뒷면에 쉐브론 디자인 및 GG 모티브가 장식된 마틀라세 레더로 제작.,50
12,[GG 마몽] 장지갑,1070000,GG 마몽 뒷면에 쉐브론 디자인 및 GG 모티브가 장식된 마틀라세 레더로 제작.,50
12,[GG 마몽] 지퍼 달린 마틀라세 지갑,1070000,역동적인 내러티브를 중심으로 진화를 거듭하는 구찌의 시그니처 작은 패션소품. 새로운 시즌을 알리는 섬세한 로즈 베이지 컬러가 돋보이는 2023 봄 여름 레더 소품 컬렉션. 어울리는 토널 메탈 장식을 더한 GG 마몽 지퍼 달린 지갑.,50
12,[GG 마몽] 미니 체인백,1570000,코스모고니 컬렉션에서 부드러운 라이트 핑크 컬러의 레더로 선보인 GG 마몽 체인 지갑. 1970년대에 벨트 버클로 처음 등장한 더블 G 메탈 장식을 토널 레진 소재로 재해석함. 상징적인 디자인에 모노크롬 색감으로 현대적인 감성을 더한 패션소품.,50
12,[GG 마몽] 체인 지갑,1570000,"아리아 컬렉션에서 계절과 시즌을 초월하는 블랙 레더로 선보인 GG 마몽 체인 지갑. 1970년대에 벨트 버클로 처음 등장한 더블 G 메탈 장식을 토널 레진 소재로 재해석함. 상징적인 디자인에 모노크롬 색감으로 현대적인 감성을 가미, 탈부착 가능한 숄더 스트랩을 더해 한층 돋보이는 패션소품.",50
12,[GG 마몽] 지퍼 달린 지갑,900000,최신 구찌 컬렉션에서 로맨틱한 라이트 핑크 레더로 선보이는 GG 마몽 지갑. 1970년대에 벨트 버클로 처음 등장한 더블 G 메탈 장식을 조화로운 레진 소재로 재해석함. 상징적인 디자인에 톤온톤 컬러로 현대적인 감성을 더한 패션소품.,50
12,[GG 마몽] 지퍼 달린 지갑,900000,아리아 컬렉션에서 계절과 시즌을 초월하는 블랙 레더로 선보인 GG 마몽 지갑. 1970년대에 벨트 버클로 처음 등장한 더블 G 메탈 장식을 토널 레진 소재로 재해석함. 상징적인 디자인에 모노크롬 색감으로 현대적인 감성을 더한 패션소품.,50
12,[GG 마몽] 마틀라세 미니백,2370000,하우스를 상징하는 코드와 심볼을 탐구하는 구찌 아리아 컬렉션. 마틀라세 레더와 모노그램 메탈 장식으로 대표되는 GG 마몽. 수직 및 사선형 모티브를 결합한 시그니처 피니시에 새로운 기하학적 요소를 반영하여 재해석한 블랙 미니 숄더백.,50
12,GG 마틀라세 체인 지갑,1710000,크리에이티브 디렉터의 디자인에 매 시즌 독창적인 방식으로 등장하는 마틀라세 레더. 레더 패션소품 라인에서 시그니처 소재를 매우 부드럽게 마감하고 기하학적인 텍스처드 모티브를 더해 새롭게 선보임. 90년대의 로고 트렌드를 현대적으로 해석한 디자인이 돋보이는 라이트 핑크 체인 미니백.,50
13,[GG 마몽] 카드 케이스 지갑,610000,하우스 모노그램 캔버스와 부드러운 라이트 핑크 레더로 완성하고 5개의 카드 슬롯과 내부 포켓을 구성한 카드 케이스 지갑. 상징적인 더블 G 메탈 장식의 미니 버전이 돋보이는 GG 마몽 라인의 디자인.,50
13,[GG 마몽] 카드 케이스 지갑,610000,하우스 모노그램 캔버스와 부드러운 라이트 핑크 레더로 완성하고 5개의 카드 슬롯과 내부 포켓을 구성한 카드 케이스 지갑. 상징적인 더블 G 메탈 장식의 미니 버전이 돋보이는 GG 마몽 라인의 디자인.,50
13,[GG 마몽] 카드 케이스 지갑,610000,"1970년대 아카이브에서 차용한 더블 G는 GG 마몽 라인의 상징. 베이지/에보니 GG 수프림 캔버스로 제작되었으며, 더스티 핑크  레더 디테일을 더하여 완성된 카드 케이스 지갑.",50
13,[GG 마몽] 카드 케이스 지갑,610000,"1970년대 아카이브에서 차용한 더블 G는 GG 마몽 라인의 상징. 베이지/에보니 GG 수프림 캔버스로 제작되었으며, 화이트 레더 디테일을 더하여 완성된 카드 케이스 지갑.",50
13,[GG 마몽] 카드 케이스 지갑,680000,"작은 더블 G 메탈 장식으로 은은한 로고 감성을 더한 GG 마몽 카드 케이스 지갑. 오리지널 컬러 조합에 독특한 변주를 가미해 시그니처 하우스 디자인을 새롭게 선보임. 외부는 라이트 그레이 레더, 내부는 라이트 핑크 레더의 투톤으로 제작한 패션소품. ",50
13,[GG 마몽] 카드 케이스 지갑,680000,"고급스러운 메탈릭 실버 레더에 하우스의 더블 G 메탈 장식을 더해 완성한 GG 마몽 카드 케이스 지갑. 작은 아카이브 심볼을 장식한 패션소품으로, 5개의 카드 슬롯과 1개의 지폐 컴파트먼트로 이루어진 디자인을 스냅 클로저로 닫을 수 있는 구조.",50
13,[구찌 블론디] 카드 케이스 지갑,880000,토널 레더에 더해져 섬세한 스타일을 완성하는 하우스의 대담한 구찌 블론디 모티브. 기하학적인 라운드 인터로킹 G 디테일을 구성해 구찌의 현대적인 디자인을 표현한 라인. 로고 디테일로 마무리한 화이트 레더 소재의 카드 케이스 지갑.,50
13,[구찌 블론디] 카드 케이스 지갑,880000,토널 레더에 더해져 섬세한 스타일을 완성하는 하우스의 대담한 구찌 블론디 모티브. 기하학적인 라운드 인터로킹 G 디테일을 구성해 구찌의 현대적인 디자인을 표현한 라인. 로고 디테일로 마무리한 브라운 레더 소재의 카드 케이스 지갑.,50
13,[구찌 블론디] 카드 케이스 지갑,880000,토널 레더에 더해져 섬세한 스타일을 완성하는 하우스의 대담한 구찌 블론디 모티브. 기하학적인 라운드 인터로킹 G 디테일을 구성해 구찌의 현대적인 디자인을 표현한 라인. 로고 디테일로 마무리한 핑크 레더 소재의 카드 케이스 지갑.,50
13,[구찌 블론디] 카드 케이스 지갑,880000,토널 레더에 더해져 섬세한 스타일을 완성하는 하우스의 대담한 구찌 블론디 모티브. 기하학적인 라운드 인터로킹 G 디테일을 구성해 구찌의 현대적인 디자인을 표현한 라인. 로고 디테일로 마무리한 블랙 레더 소재의 카드 케이스 지갑.,50
13,[GG 마몽] 마틀라세 카드 케이스 지갑,710000,"2023 프리폴 컬렉션에 생동감 넘치는 색감을 더하는 레드 컬러의 퀼트 마틀라세 쉐브론 레더로 제작한 GG 마몽 카드 케이스 지갑. 하우스의 시그니처가 된 1970년대 아카이브 심볼, 상징적인 더블 G 메탈 장식이 돋보이는 쉐입.",50
13,[GG 마몽] 카드 케이스 지갑,710000,GG 마몽 카드 케이스 지갑. 뒷면에 쉐브론 디자인 및 GG 모티브가 장식된 마틀라세 레더.,50
13,[GG 마몽] 카드 케이스 지갑,710000,뒷면에 쉐브론 디자인 및 GG 모티브가 장식된 마틀라세 레더로 제작.,50
13,[GG 마몽] 카드 케이스 지갑,610000,"1970년대 아카이브에서 차용한 더블 G는 GG 마몽 라인의 상징. 베이지/에보니 GG 수프림 캔버스로 제작되었으며, 블랙 레더 디테일을 더하여 완성된 카드 케이스 지갑.",50
13,쁘띠 GG 미디엄 지갑,1220000,시그니처 엠블럼을 절제된 스타일로 선보이며 클래식한 더블 G 디테일을 작게 장식한 쁘띠 GG 라인의 새로운 레더 소품 셀렉션. GG 수프림을 바탕으로 단색 레더 디테일과 팔라듐 피니시의 우아한 로고가 어우러진 디자인. 하우스 엠블럼이 돋보이는 블랙 레더 미디엄 지갑.,50
13,쁘띠 GG 미디엄 지갑,1170000,시그니처 엠블럼을 절제된 스타일로 선보이며 클래식한 더블 G 디테일을 작게 장식한 쁘띠 GG 라인의 새로운 레더 소품 셀렉션. GG 수프림을 바탕으로 단색 레더 디테일과 팔라듐 피니시의 우아한 로고가 어우러진 디자인. 하우스 엠블럼이 돋보이는 베이지/에보니 GG 수프림 캔버스 미디엄 지갑.,50
13,[오피디아] GG 카드 케이스 지갑,770000,"컬렉션을 정의하는 자기표현의 정신. 자기표현이라는 테마를 반영해, 아카이브 요소의 조합으로 하우스의 현대적인 정신을 표현하는 새로운 세계를 만들어냄. 그린/레드 웹(Web) 스트라이프와 더블 G로 포인트를 준 GG 수프림 카드 케이스.",50
13,[오피디아] GG 카드 케이스 지갑,770000,카드 케이스 지갑. 1930년대 선보인 오리지널 구찌 마름모 디자인에서 발전되어 1970년대 처음 선보인 이래로 구찌 유산의 상징으로 자리 잡은 GG 로고. 구찌의 아이덴티티를 기념하는 시그니처 모티브와 결합한 웹(Web) 스트라이프.,50
13,뱀부 미디엄 더블 G 지갑,820000,뱀부 지퍼 클로저가 돋보이며 구찌 헤리티지를 상징하는 소재를 오마주한 블랙 레더 미디엄 지갑. 넉넉한 여러 개의 내부 슬롯과 1개의 지퍼 포켓을 구성해 디자인되었으며 스냅 버튼 클로저의 골드 톤 더블 G 모노그램 메탈 장식으로 완성된 패션소품.,50
13,뱀부 미디엄 더블 G 지갑,820000,뱀부 지퍼 클로저가 돋보이며 구찌 헤리티지를 상징하는 소재를 오마주한 핑크 레더 미디엄 지갑. 넉넉한 여러 개의 내부 슬롯과 1개의 지퍼 포켓을 구성해 디자인되었으며 스냅 버튼 클로저의 골드 톤 더블 G 모노그램 메탈 장식으로 완성된 패션소품.,50
13,[GG 마몽] 마틀라세 카드 케이스 지갑,710000,역동적인 내러티브를 중심으로 진화를 거듭하는 구찌의 시그니처 작은 패션소품. 새로운 시즌을 알리는 섬세한 로즈 베이지 컬러가 돋보이는 2023 봄 여름 레더 소품 컬렉션. 어울리는 토널 메탈 장식을 더한 카드 케이스 지갑.,50
13,[구찌 블론디] 지갑,1280000,토널 레더에 더해져 섬세한 스타일을 완성하는 하우스의 대담한 구찌 블론디 모티브. 기하학적인 라운드 인터로킹 G 디테일을 구성해 구찌의 현대적인 디자인을 표현한 라인. 로고 디테일로 마무리한 클래식한 디자인의 지갑.,50
13,[오피디아] 카드 케이스 지갑,750000,"빈티지 감성의 디테일에 상징적인 하우스 코드를 더해 새롭게 해석한 오피디아 라인. 베이지/에보니 GG 수프림 캔버스, 브라운 레더, 클래식한 그린/레드 웹(Web) 스트라이프가 어우러진 카드 케이스 지갑. 빈티지 감성으로 재해석한 디자인에 아카이브에서 찾은 특별한 더블 G를 작게 더해 완성함.",50
13,[오피디아] GG 카드 케이스 지갑,760000,오피디아 라인에 지갑으로도 사용할 수 있는 미니 카드 케이스 지갑을 선보이며 한층 더 풍성해짐. 하우스 모노그램 캔버스 소재. 구찌의 역사를 기념하는 아카이브 디테일 그린/레드 웹(Web) 스트라이프와 더블 G로 짙은 로고 감성을 부여.,50
13,[오피디아] 지갑,870000,1970년대에 처음 선보인 이래로 구찌 유산의 상징으로 자리 잡은 GG 로고는 1930년대의 오리지널 구찌 마름모 디자인에서 발전됨. 시그니처 모티브와 웹(Web) 스트라이프를 더하여 시대를 초월한 조화를 선보이며 구찌의 역사를 기념하는 지갑.,50
13,[오피디아] GG 카드 케이스 지갑,890000,"GG 수프림 캔버스 소재의 카드 케이스 지갑. 2020 크루즈 컬렉션에서 새로운 패션소품으로 선보이는 오피디아 라인. 유서 깊은 그린과 레드 하우스 웹(Web) 트리밍과 여러 카드 슬롯과 포켓, 스냅 버튼 클로저로 스타일을 완성. ",50
13,[오피디아] GG 지갑,990000,지갑. 1930년대 선보인 오리지널 구찌 마름모 디자인에서 발전되어 1970년대 처음 선보인 이래로 구찌 유산의 상징으로 자리 잡은 GG 로고. 구찌의 아이덴티티를 기념하는 시그니처 모티브와 결합한 웹(Web) 스트라이프.,50
13,[오피디아] GG 프렌치 플랩 지갑,930000,프렌치 플랩 지갑. 1930년대에 선보인 오리지널 구찌 마름모 디자인에서 발전되어 1970년대에 처음 선보인 이래로 구찌 유산의 상징이 된 GG 로고. 구찌의 아이덴티티를 기념하는 시그니처 모티브와 결합한 웹(Web) 스트라이프.,50
13,[GG 마몽] 카드 케이스,750000,카드 슬롯 8개와 지퍼 컴파트먼트로 구성된 섬세한 라이트 핑크 레더 GG 마몽 키 케이스. 스냅 버튼 클로저로 완성함. 1970년대에 벨트 버클로 처음 등장한 더블 G 메탈 장식을 조화로운 레진 소재로 재해석함. 상징적인 디자인에 톤온톤 컬러로 현대적인 감성을 더한 패션소품.,50
13,[GG 마몽] 카드 케이스,680000,아카이브 디테일을 현재로 가져와 과거를 재해석하는 구찌. 하나쯤은 꼭 가지고 있어야 할 기본 디자인으로 완성된 스타일. GG 마몽을 대표하는 더블 G 모노그램 메탈 장식의 토널 버전으로 선보이는 라이트 핑크 지갑.,50
13,[GG 마몽] 카드 케이스 지갑,680000,아리아 컬렉션에서 계절과 시즌을 초월하는 블랙 레더로 선보인 GG 마몽 카드 케이스 지갑. 1970년대에 벨트 버클로 처음 등장한 더블 G 메탈 장식을 토널 레진 소재로 재해석함. 상징적인 디자인에 모노크롬 색감으로 현대적인 감성을 더한 패션소품.,50
13,[GG 마몽] 카드 케이스 지갑,680000,아리아 컬렉션에서 부드러운 로즈 베이지 레더로 선보인 GG 마몽 카드 케이스 지갑. 1970년대에 벨트 버클로 처음 등장한 더블 G 메탈 장식을 토널 레진 소재로 재해석함. 상징적인 디자인에 모노크롬 색감으로 현대적인 감성을 더한 패션소품.,50
13,GG 마틀라세 카드 케이스 지갑,880000,매 시즌 독특한 방식으로 새롭게 등장하는 마틀라세 레더. 레더 패션소품 라인에서 시그니처 소재를 매우 부드럽게 마감하고 기하학적인 텍스처드 모티브를 더해 새롭게 선보임. 90년대의 로고 트렌드를 현대적으로 해석한 디자인이 돋보이는 로즈 베이지 카드 케이스 지갑.,50
13,GG 마틀라세 카드 케이스 지갑,880000,크리에이티브 디렉터의 디자인에 매 시즌 독창적인 방식으로 등장하는 마틀라세 레더. 레더 패션소품 라인에서 시그니처 소재를 매우 부드럽게 마감하고 기하학적인 텍스처드 모티브를 더해 새롭게 선보임. 90년대의 로고 트렌드를 현대적으로 해석한 디자인이 돋보이는 라이트 핑크 카드 케이스 지갑.,50
13,GG 마틀라세 카드 케이스 지갑,880000,크리에이티브 디렉터의 디자인에 매 시즌 독창적인 방식으로 등장하는 마틀라세 레더. 레더 패션소품 라인에서 시그니처 소재를 매우 부드럽게 마감하고 기하학적인 텍스처드 모티브를 더해 새롭게 선보임. 90년대의 로고 트렌드를 현대적으로 해석한 디자인이 돋보이는 블랙 카드 케이스 지갑.,50
13,[GG 마몽] 레더 카드 케이스 지갑,680000,스몰 더블 G 메탈 디테일의 카드 케이스 지갑. 텍스처 레더로 제작.,50
14,[GG 마몽] 미니 체인백,1460000,작은 더블 G 메탈 장식으로 은은한 로고 감성을 더한 GG 마몽 미니 체인백. 하우스의 시그니처 레더 소품에 섬세한 컬러 조합으로 독특한 변주를 더한 디자인. 베이지/화이트 GG 수프림 캔버스와 오트밀 레더 트리밍을 조합해 선보이는 액세서리. ,50
14,[GG 마몽] 체인 지갑,1250000,하우스 모노그램 캔버스와 부드러운 블랙 레더 소재의 슬림한 지갑. 섬세한 체인 스트랩이 돋보임. 상징적인 더블 G 메탈 장식 미니 버전으로 완성되는 GG 마몽 라인.,50
14,[오피디아] 파우치,1310000,오피디아 컬렉션에서 GG 수프림 캔버스와 브라운 레더 트리밍 디테일로 선보이는 지퍼 달린 파우치. 1930년대 선보인 오리지널 구찌 마름모 디자인에서 업그레이드되어 1970년대 처음 선보인 이래로 구찌 유산의 상징으로 자리잡은 GG 로고. 구찌의 뿌리를 상기시키는 시그니처 모티브와 웹(Web) 스트라이프의 시대를 초월하는 페어링이 돋보이는 파우치.,50
14,[오피디아] 라지 코스메틱 케이스,620000,오피디아 컬렉션에서 GG 수프림 캔버스와 브라운 레더 트리밍 디테일로 선보이는 지퍼 달린 코스메틱 케이스. 1930년대 선보인 오리지널 구찌 마름모 디자인에서 업그레이드되어 1970년대 처음 선보인 이래로 구찌 유산의 상징으로 자리잡은 GG 로고. 구찌의 뿌리를 상기시키는 시그니처 모티브와 웹(Web) 스트라이프의 시대를 초월하는 페어링이 돋보이는 파우치.,50
14,[오피디아] GG 체인 지갑,1570000,새로운 쉐입과 실루엣의 오피디아 지갑. 구찌 하우스의 유서 깊은 상징이 된 GG 모티브 및 웹(Web) 스트라이프 장식. 두 가지 스타일로 연출할 수 있는 탈착 가능한 체인 스트랩을 활용하여 미니백으로도 착용 가능.,50
14,[GG 마몽] 레더 파우치,1370000,빈티지 피니시으로 포인트를 준 마틀라세 쉐브론 레더 파우치. 1970년대부터 이어진 구찌 아카이브 벨트 버클을 현대적으로 재해석한 더블 G 메탈 장식의 GG 마몽 컬렉션은 하우스의 시그니처 라인.,50
14,[GG 마몽] 마틀라세 미니 체인백,2370000,더블 G 메탈 장식의 부드러운 체인 미니백. 구찌의 1970년대 디자인 아카이브에서 영감을 받은 마틀라세 패턴의 디자인.,50
14,[GG 마몽] 체인 지갑,1570000,"아리아 컬렉션에서 계절과 시즌을 초월하는 블랙 레더로 선보인 GG 마몽 체인 지갑. 1970년대에 벨트 버클로 처음 등장한 더블 G 메탈 장식을 토널 레진 소재로 재해석함. 상징적인 디자인에 모노크롬 색감으로 현대적인 감성을 가미, 탈부착 가능한 숄더 스트랩을 더해 한층 돋보이는 패션소품.",50
14,[GG 마몽] 마틀라세 미니백,2370000,하우스를 상징하는 코드와 심볼을 탐구하는 구찌 아리아 컬렉션. 마틀라세 레더와 모노그램 메탈 장식으로 대표되는 GG 마몽. 수직 및 사선형 모티브를 결합한 시그니처 피니시에 새로운 기하학적 요소를 반영하여 재해석한 블랙 미니 숄더백.,50
14,GG 마틀라세 코스메틱 케이스,970000,매우 부드러운 마감으로 하우스의 시그니처 소재가 된 마틀라세 레더. 이 블랙 코스메틱 케이스를 포함한 레더 패션소품 셀렉션에서 돋보이는 기하학적인 텍스처드 모티브. 디자인의 로고 감성을 이어가는 전면의 더블 G 메탈 장식.,50
14,GG 마틀라세 체인 지갑,1710000,매우 부드러운 마감으로 하우스의 시그니처 소재가 된 마틀라세 레더. 이 로즈 베이지 체인 지갑을 포함한 레더 패션소품 셀렉션에서 돋보이는 기하학적인 텍스처드 모티브. 독특한 디자인의 로고 감성을 이어가는 전면의 더블 G 메탈 장식.,50
14,GG 마틀라세 파우치,1580000,크리에이티브 디렉터의 디자인에 매 시즌 독창적인 방식으로 등장하는 마틀라세 레더. 레더 패션소품 라인에서 시그니처 소재를 매우 부드럽게 마감하고 기하학적인 텍스처드 모티브를 더해 새롭게 선보임. 90년대의 로고 트렌드를 현대적으로 해석한 디자인이 돋보이는 블랙 파우치.,50
14,[GG 마몽] 미니 레더 체인백,1570000,GG 마몽 소프트 스트럭처드 텍스처드 레더 미니 체인백. 플랩 클로저 및 스몰 사이즈 더블 G 메탈 장식.,50
14,[구찌 다이애나] 뱀부 미니백,1680000,블랙 레더 소재의 다이애나 미니백. 앞면의 은은한 디테일로 재해석한 뱀부 핸들이 돋보이는 슬림한 실루엣의 핸드백.,50
14,[재키 1961] 체인 지갑,1680000,재키 1961의 세계가 컨티넨탈 지갑을 선보이며 더욱 성장함. 섬세한 체인 스트랩이 돋보여 미니백으로도 착용할 수 있는 블랙 레더 소재의 아이템. 오리지널 백을 오마주한 골드 톤 피스톤 디테일.,50
14,[재키 1961] 체인 지갑,1580000,재키 1961의 세계가 컨티넨탈 지갑을 선보이며 더욱 성장함. 섬세한 체인 스트랩이 돋보여 미니백으로도 착용할 수 있는 하우스 모노그램 캔버스 소재의 아이템. 오리지널 백을 오마주한 골드 톤 피스톤 디테일.,50
14,[디오니서스] 미니 레더 체인백,2550000,디오니서스 스트럭처드 수퍼 미니백. 긁힘에 강한 텍스처드 레더로 제작. 스와로브스키 크리스털 장식의 타이거 헤드 스터럽 클로저.,50
14,[디오니서스] 미니 레더 체인백,2820000,스트럭처드 레더 체인 미니백 또는 지갑. 제우스가 보내 준 호랑이를 타고 티그리스 강을 건넜다는 그리스 신화 속 신 디오니서스를 떠올리게 하는 독특한 디테일의 텍스처 타이거 헤드 스터럽 클로저. 스와로브스키 크리스털이 장식된 타이거 헤드 클로저. 내구성이 뛰어난 텍스처드 레더로 제작.,50
14,[디오니서스] GG 체인 지갑,2060000,유서 깊은 소재를 반영한 GG 수프림을 구찌 러브 퍼레이드에서 블루/베이지 컬러의 타임리스 믹스 스타일로 선보임. 캔버스는 수십 년 동안 각 컬렉션의 전면에 나서며 하우스의 상징으로 자리잡음. 클래식 팔레트로 대표되는 디오니서스 체인 지갑.,50
14,[디오니서스] 체인 지갑,2060000,1960년대에 하우스 컬렉션에 등장한 이래로 60여 년 동안 수없이 재해석된 GG 모티브. 부드러운 베이지/화이트 컬러의 패턴으로 선보이는 수프림 캔버스 소재의 디오니서스 체인 지갑. 토널 레더 트리밍과 팔라듐 톤 타이거 메탈 장식으로 패션소품을 완성함.,50
14,[구찌 블론디] 체인 장지갑,1710000,"화이트 레더 및 무아레 안감으로 선보이는 구찌 블론디 체인 장지갑. 내부는 12개의 카드 슬롯, 2개의 지폐 컴파트먼트, 1개의 동전 포켓으로 구성됨. 하우스 아카이브에서 가져온 구찌 로고의 기하학적인 버전, 라운드 인터로킹 G를 전면에 내세우는 디자인. ",50
14,[구찌 블론디] 체인 장지갑,1710000,"블랙 레더 및 무아레 안감으로 선보이는 구찌 블론디 체인 장지갑. 내부는 12개의 카드 슬롯, 2개의 지폐 컴파트먼트, 1개의 동전 포켓으로 구성됨. 하우스 아카이브에서 가져온 구찌 로고의 기하학적인 버전, 라운드 인터로킹 G를 전면에 내세우는 디자인. ",50
14,[구찌 홀스빗 1955] 체인 지갑,1460000,"구찌 홀스빗 1955 패션 소품 컬렉션에 GG 수프림 캔버스와 레더 소재로 선보이는 체인 지갑. 핸드백에서도 볼 수 있는 더블링과 바 디자인으로 정의. 접이식 스냅 클로저와 여러 개의 카드 슬롯, 포켓, 탈부착이 가능한 체인 스트랩으로 완성.",50
14,[구찌 홀스빗 1955] 체인 지갑,1460000,"구찌 홀스빗 1955 패션소품 컬렉션 중 하나로 선보인 하우스 모노그램 캔버스 소재의 체인 지갑. 핸드백에서도 볼 수 있는 더블링과 바 디자인. 스냅 클로저 형태, 여러 개의 카드슬롯과 포켓, 탈부착 체인 스트랩이 특징. 화이트 레더 디테일로 완성된 스타일.",50
14,체리 장식의 GG 수프림 미니 체인백,1380000,친환경 GG 수프림 캔버스 미니 체인백. 크리스털을 아로새긴 재치있는 3차원 체리 장식.,50
14,인터로킹 G 코스메틱 케이스,1260000,아카이브에서 가져온 소재와 디테일을 결합해 패션소품 셀렉션에 빈티지 감성을 부여하는 구찌 유니버스. 베이지/에보니 GG 수프림 캔버스 소재의 코스메틱 케이스에 토널 레더 트리밍과 인터로킹 G 태그를 더해 한층 돋보이는 스타일.,50
14,인터로킹 G 파우치,1420000,구찌 유니버스 전반에서 시그니처 소재인 GG 수프림 캔버스를 풍성하게 선보임. 구찌 특유의 시각으로 소재를 재해석한 최신 컬렉션. 모노그램 모티브를 전체적으로 적용한 디자인의 파우치. 로고 감성을 자아내는 레더 인터로킹 G 태그로 스타일을 완성함.,50
14,[디오니서스] GG 수프림 체인 지갑,2060000,텍스처 타이거 헤드 메탈 디테일이 돋보이는 디오니서스 GG 수프림 스트럭처 체인 지갑,50
15,[GG 러닝] 18K 다이아몬드 커프,3900000,우아한 느낌의 간결한 라인으로 주얼리 컬렉션에 클래식한 감성을 더하는 18K 화이트 골드 커프. 양 쪽 끝에 다이아몬드가 장식된 더블 G 디테일. 구찌 하우스의 창립자 구찌오 구찌(Guccio Gucci)의 이니셜을 형상화한 시그니처 코드로 브랜드의 유산에 경의를 표하는 라인. 컬렉션의 다른 팔찌와 함께 착용할 수 있는 얇은 디자인.,50
15,[GG 러닝] 다이아몬드 G 커프,3700000,슬림형 옐로우 골드 커프스 팔찌의 양 끝에 구찌의 1970년대 디자인 아카이브에서 영감을 받은 더블 G 디테일. 화이트 다이아몬드가 장식된 상징적인 모티브. 컬렉션의 다른 팔찌와 레이어드해 스택트 스타일로 착용할 수 있는 슬림형 디자인.,50
15,인터로킹 G 다이아몬드 팔찌,4200000,"기하학적 로고에서 힌트를 얻어 디자인을 선보이는 인터로킹 G 주얼리 컬렉션. 반짝이는 인터로킹 G 디테일을 더하고 다이아몬드를 세팅한 18K 화이트 골드 소재 팔찌로, 매일 착용하기 좋은 디자인.",50
15,인터로킹 G 다이아몬드 팔찌,4000000,"기하학적 로고에서 힌트를 얻어 디자인을 선보이는 인터로킹 G 주얼리 컬렉션. 반짝이는 인터로킹 G 디테일을 더하고 다이아몬드를 세팅한 18K 옐로우 골드 소재 팔찌로, 매일 착용하기 좋은 디자인.",50
15,인터로킹 G 다이아몬드 목걸이,5300000,"기하학적 로고에서 힌트를 얻어 디자인을 선보이는 인터로킹 G 주얼리 컬렉션. 다이아몬드를 세팅하고 인터로킹 G로 장식한 18K 화이트 골드 소재 아이템으로, 어떤 룩에든 매끄럽게 녹아드는 디자인.",50
15,인터로킹 G 다이아몬드 목걸이,5100000,"기하학적 로고에서 힌트를 얻어 디자인을 선보이는 인터로킹 G 주얼리 컬렉션. 다이아몬드를 세팅하고 인터로킹 G로 장식한 18K 옐로우 골드 소재 아이템으로, 어떤 룩에든 매끄럽게 녹아드는 디자인.",50
15,인터로킹 G 스터드 귀걸이,1660000,기하학적 로고에서 힌트를 얻어 디자인을 선보이는 인터로킹 G 주얼리 컬렉션. 인터로킹 G 실루엣을 형상화해 인기가 높은 스터드 스타일을 혁신적으로 선보이는 18K 옐로우 골드 귀걸이.,50
15,인터로킹 G 다이아몬드 귀걸이,6500000,"기하학적 로고에서 힌트를 얻어 디자인을 선보이는 인터로킹 G 주얼리 컬렉션. 다이아몬드를 세팅하고 인터로킹 G로 장식한 18K 옐로우 골드 소재 귀걸이로, 데이 룩과 이브닝 룩에 모두 완벽하게 어울리는 디자인.",50
15,다이아몬드 인터로킹 G 스터드,5300000,"기하학적 로고에서 힌트를 얻어 디자인을 선보이는 인터로킹 G 주얼리 컬렉션. 다이아몬드를 세팅하고 인터로킹 G로 장식한 18K 화이트 골드 소재 귀걸이로, 세련된 스타일을 연출해주는 아이템.",50
15,다이아몬드 인터로킹 G 스터드,5000000,"기하학적 로고에서 힌트를 얻어 디자인을 선보이는 인터로킹 G 주얼리 컬렉션. 다이아몬드를 세팅하고 인터로킹 G로 장식한 18K 옐로우 골드 소재 귀걸이로, 세련된 스타일을 연출해주는 아이템.",50
15,[GG 러닝] 18K 귀걸이,1090000,"하우스를 상징하는 시대인 1970년대. 오늘날에도 계속해서 컬렉션에 매력을 더해주는 1970년대의 아카이브 디자인, 더블 G를 장식한 18K 핑크 골드 귀걸이. ",50
15,GG 스터드 18K 귀걸이,1030000,우아한 느낌의 간결한 라인으로 클래식한 감성을 더하는 18K 화이트 골드 GG 스터드 귀걸이. 구찌 하우스의 창립자 구찌오 구찌(Guccio Gucci)의 이니셜을 형상화한 시그니처 코드로 브랜드의 유산에 경의를 표하는 디자인.,50
15,"[GG 러닝] 스터드 귀걸이

",890000,구찌의 1970년대 디자인 아카이브에서 영감을 받은 스캘럽형 외곽의 더블 G 디테일. 18k 옐로우 골드로 제작.,50
15,[GG 러닝] 18K 귀걸이,1090000,상징적인 더블 G가 돋보이는 시그니처 GG 러닝 스타일을 구찌 러브 퍼레이드에서 핑크 골드 소재로 다시 한번 선보임. 독특한 기요셰 인그레이빙이 돋보이는 18K 귀걸이. ,50
15,구찌 링크 투 러브 더블 귀걸이,6700000,현대의 로맨스를 탐구하는 구찌 링크 투 러브 컬렉션이 사랑의 새로운 상징을 선보임. 18K 로즈/화이트 골드 소재의 기하학적인 스터드 디자인으로 이루어진 활용도 높은 스타일의 더블 귀걸이.,50
15,구찌 링크 투 러브 기하학적 스터드 더블 링,5700000,구찌 링크 투 러브 컬렉션의 모든 아이템처럼 다양한 스타일링 가능성을 제시하는 목걸이. 바게트 및 트릴리언트 컷 다이아몬드를 세팅한 로즈 골드 또는 화이트 골드 밴드 및 후프 귀걸이는 물론 옐로우 골드 또는 화이트/로즈 골드로 이루어진 반지와 후프 귀걸이도 함께 선보임.,50
15,구찌 링크 투 러브 바게트 다이아몬드 반지,4400000,"바게트 및 트릴리언트 컷 다이아몬드를 세팅한 로즈 골드 또는 화이트 골드 밴드 및 후프 귀걸이, 옐로우 골드 및 화이트/로즈 골드 반지와 후프 귀걸이를 선보이며 다양한 스타일링 가능성을 제시하는 구찌 링크 투 러브 컬렉션.",50
15,구찌 링크 투 러브 팔찌,2420000,"바게트 및 트릴리언트 컷 다이아몬드를 세팅한 로즈 골드 또는 화이트 골드 밴드 및 후프 귀걸이, 패싯 처리된 옐로우 골드, 또는 화이트 및 로즈 골드가 조화를 이룬 반지와 후프 귀걸이로 다양한 스타일링 가능성을 제시하는 구찌 링크 투 러브 컬렉션. 로즈 골드로 완성한 팔찌.",50
15,구찌 링크 투 러브 체인 목걸이,4600000,현대의 로맨스를 탐구하는 구찌 링크 투 러브 컬렉션이 사랑의 새로운 상징을 선보임. 18K 로즈 골드 소재의 기하학적인 링크 체인으로 이루어진 활용도 높은 디자인의 목걸이.,50
15,구찌 링크 투 러브 기하학적 스터드 더블 링,6100000,구찌 링크 투 러브 컬렉션의 모든 아이템처럼 다양한 스타일링 가능성을 제시하는 목걸이. 바게트 및 트릴리언트 컷 다이아몬드를 세팅한 로즈 골드 또는 화이트 골드 밴드 및 후프 귀걸이는 물론 옐로우 골드 또는 화이트/로즈 골드로 이루어진 반지와 후프 귀걸이도 함께 선보임.,50
15,구찌 링크 투 러브 팔찌,2420000,"바게트 및 트릴리언트 컷 다이아몬드를 세팅한 로즈 골드 또는 화이트 골드 밴드 및 후프 귀걸이, 패싯 처리된 옐로우 골드, 또는 화이트 및 로즈 골드가 조화를 이룬 반지와 후프 귀걸이로 다양한 스타일링 가능성을 제시하는 구찌 링크 투 러브 컬렉션. 옐로우 골드로 완성한 팔찌.",50
15,구찌 링크 투 러브 목걸이,4600000,구찌 링크 투 러브 컬렉션의 모든 아이템처럼 다양한 스타일링 가능성을 제시하는 목걸이. 바게트 및 트릴리언트 컷 다이아몬드를 세팅한 로즈 골드 또는 화이트 골드 밴드 및 후프 귀걸이는 물론 옐로우 골드 또는 화이트/로즈 골드로 이루어진 반지와 후프 귀걸이도 함께 선보임.,50
15,구찌 링크 투 러브 스트라이프 반지,2310000,"사랑의 새로운 상징을 선보이며 현대의 로맨스를 탐구하는 링크 투 러브(Link to Love) 컬렉션. 다양한 골드 톤과 피니시의 조합으로 남성성과 여성성의 경계를 허무는 컬렉션. 각 아이템은 스택 및 레이어링 연출이 가능한 구성으로, 단독으로 착용 시에도 스타일을 완성함. 스택 구조의 18K 화이트 골드 스트라이프 반지. ",50
15,구찌 링크 투 러브 바게트 다이아몬드 반지,4700000,"바게트 및 트릴리언트 컷 다이아몬드를 세팅한 로즈 골드 또는 화이트 골드 밴드 및 후프 귀걸이, 옐로우 골드 및 화이트/로즈 골드 반지와 후프 귀걸이를 선보이며 다양한 스타일링 가능성을 제시하는 구찌 링크 투 러브 컬렉션.",50
15,구찌 링크 투 러브 와이드 체인 팔찌,10100000,현대의 로맨스를 탐구하는 구찌 링크 투 러브 컬렉션이 사랑의 새로운 상징을 선보임. 18K 옐로우 골드 소재의 기하학적인 와이드 링크 체인으로 이루어진 활용도 높은 디자인의 팔찌.,50
15,구찌 링크 투 러브 와이드 체인 목걸이,15100000,현대의 로맨스를 탐구하는 구찌 링크 투 러브 컬렉션이 사랑의 새로운 상징을 선보임. 18K 옐로우 골드 소재의 기하학적인 와이드 링크 체인으로 이루어진 활용도 높은 디자인의 짧은 목걸이.,50
15,구찌 링크 투 러브 투르말린 반지,4100000,"사랑의 새로운 상징을 선보이며 현대의 로맨스를 탐구하는 링크 투 러브(Link to Love) 컬렉션. 다양한 골드 톤과 피니시의 조합으로 남성성과 여성성의 경계를 허무는 컬렉션. 각 아이템은 스택 및 레이어링 연출이 가능한 구성으로, 단독으로 착용 시에도 스타일을 완성함.  바게트 컷 그린 투르말린이 돋보이는 스택 구조의 18K 옐로우 골드 스트라이프 반지.",50
15,구찌 링크 투 러브 스트라이프 반지,2060000,"사랑의 새로운 상징을 선보이며 현대의 로맨스를 탐구하는 링크 투 러브(Link to Love) 컬렉션. 다양한 골드 톤과 피니시의 조합으로 남성성과 여성성의 경계를 허무는 컬렉션. 각 아이템은 스택 및 레이어링 연출이 가능한 구성으로, 단독으로 착용 시에도 스타일을 완성함.  스택 구조의 18K 옐로우 골드 스트라이프 반지. ",50
15,구찌 링크 투 러브 'Gucci' 바 목걸이,2310000,"사랑의 새로운 상징을 선보이며 현대의 로맨스를 탐구하는 링크 투 러브(Link to Love) 컬렉션. 다양한 골드 톤과 피니시의 조합으로 남성성과 여성성의 경계를 허무는 컬렉션. 각 아이템은 스택 및 레이어링 연출이 가능한 구성으로, 단독으로 착용 시에도 스타일을 완성함. 바 펜던트에 'Gucci' 인그레이빙이 돋보이는 18K 로즈 골드 목걸이.",50
15,구찌 링크 투 러브 'Gucci' 바 팔찌,1640000,"사랑의 새로운 상징을 선보이며 현대의 로맨스를 탐구하는 링크 투 러브(Link to Love) 컬렉션. 다양한 골드 톤과 피니시의 조합으로 남성성과 여성성의 경계를 허무는 컬렉션. 각 아이템은 스택 및 레이어링 연출이 가능한 구성으로, 단독으로 착용 시에도 스타일을 완성함. 바 펜던트에 'Gucci' 인그레이빙이 돋보이는 18K 로즈 골드 팔찌.",50
15,[아이콘] 18k 다이아몬드 하트 반지,2270000,아이콘 라인의 최신 실루엣이 시그니처 아이템을 세련되고 현대적인 느낌으로 새롭게 연출함. 정교한 인그레이빙 디테일은 상징적인 GG 모티브와 함께 널리 사랑받는 하우스의 심볼로 등장하는 하트 모티브와 같은 황홀한 매력을 더함. 고급스러운 화이트 다이아몬드로 장식된 18k 옐로우 골드 반지.,50
15,[아이콘] 18k 별 반지,1990000,"GG 모티브의 섬세한 밴드로 구성된 18K 옐로우 골드 반지. 컷아웃 별이 포인트로, 구찌 코스모고니 패션쇼를 연상시킴. 이탈리아 카스텔 델 몬테의 밤하늘 아래, 별자리에서 영감을 받은 컬렉션이 펼쳐짐.",50
15,[아이콘] 18k 별 목걸이,3700000,"GG 모티브의 섬세한 체인으로 구성된 18K 옐로우 골드 목걸이. 컷아웃 별이 돋보이는 원형 펜던트가 포인트로, 구찌 코스모고니 패션쇼를 연상시킴. 이탈리아 카스텔 델 몬테의 밤하늘 아래, 별자리에서 영감을 받은 컬렉션이 펼쳐짐.",50
15,[아이콘] 별 팔찌,3600000,"인터로킹 G가 돋보이는 섬세한 체인으로 구성된 18K 옐로우 골드 팔찌. 컷아웃 별이 돋보이는 원형 참이 포인트로, 구찌 코스모고니 패션쇼를 연상시킴. 이탈리아 카스텔 델 몬테의 밤하늘 아래, 별자리에서 영감을 받은 컬렉션이 펼쳐짐.",50
15,[아이콘] 18k 하트 목걸이,3900000,아이콘 라인의 최신 실루엣이 시그니처 아이템을 세련되고 현대적인 느낌으로 새롭게 연출함. 정교한 인그레이빙 디테일은 상징적인 GG 모티브와 함께 널리 사랑받는 하우스의 심볼로 등장하는 하트 모티브와 같은 황홀한 매력을 더함. 두 심볼이 모두 등장하는 고급스러운 18k 화이트 골드 목걸이. ,50
15,[아이콘] 18K 하트 팔찌,3700000,아이콘 라인의 최신 실루엣이 시그니처 아이템을 세련되고 현대적인 느낌으로 새롭게 연출함. 정교한 인그레이빙 디테일은 상징적인 GG 모티브와 함께 널리 사랑받는 하우스의 심볼로 등장하는 하트 모티브와 같은 황홀한 매력을 더함. 두 심볼이 모두 등장하는 고급스러운 18k 화이트 골드 팔찌. ,50
16,[GG 마몽] 귀걸이,420000,단번에 시선을 사로잡는 더블 G 엠블럼으로 중앙을 장식한 우아한 귀걸이. 925 스털링 실버로 제작된 매끄러운 아웃라인의 독특한 상징.,50
16,[GG 마몽] 팔찌,390000,단번에 시선을 사로잡는 더블 G 엠블럼으로 중앙을 장식한 우아한 팔찌. 구찌만의 섬세한 감성으로 전문적이고 정교하게 만들어 동시대적인 매력의 클래식한 상품을 선보이는 구찌 실버 주얼리 컬렉션.,50
16,더블 G 키 목걸이 ,470000,상단에 인상적인 더블 G가 있는 키 장식의 빈티지 피니시 스털링 실버 목걸이. 구찌만의 섬세한 감성으로 전문적이고 정교하게 만들어 동시대적인 매력의 클래식한 제품을 선보이는 구찌 실버 주얼리 컬렉션.,50
16,[GG 마몽] 키 참 팔찌,390000,한눈에 알아볼 수 있는 더블 G를 탑 피스로 장식한 키가 돋보이는 스털링 실버 팔찌. 구찌만의 섬세한 감성으로 전문적이고 정교하게 만들어 동시대적인 매력의 클래식한 상품을 선보이는 구찌 실버 주얼리 컬렉션.,50
16,[GG 마몽] 자개 팔찌,650000,"크리스털과 펄, 더블 G 디테일을 참으로 또는 컬렉션 전체를 관통하는 메탈 체인과 함께 장식해 선보이는 GG 마몽 패션 주얼리. 더블 G와 자개 디테일을 장식한 스털링 실버 소재의 정교한 팔찌.",50
16,더블 G 자개 팔찌,640000,팔찌. 구찌 아카이브에서 발췌한 아이코닉 엠블럼 더블 G 장식. 자개과 토파즈 스톤 장식. 플라워 참이 장식된 스몰 텍스처드 실버 체인으로 구성된 로고 체인.,50
16,[GG 마몽] 자개 반지,550000,"크리스털과 펄, 더블 G 디테일을 참으로 또는 컬렉션 전체를 관통하는 메탈 체인과 함께 장식해 선보이는 GG 마몽 패션 주얼리. 더블 G 플라워 디테일을 중앙에 장식한 스털링 실버 소재의 시선을 사로잡는 반지.",50
16,더블 G 자개 반지,600000,스털링 실버 반지. 구찌 아카이브에서 발췌한 아이코닉 엠블럼 더블 G 모티브. 모티브 사이에 놓인 중앙에 컬러스톤이 장식된 플라워 장식.,50
16,[GG 마몽] 자개 목걸이,900000,"크리스털과 펄, 더블 G 디테일을 참으로 또는 컬렉션 전체를 관통하는 메탈 체인과 함께 장식해 선보이는 GG 마몽 패션 주얼리. 더블 G 플라워 참과 자개 디테일을 장식한 스털링 실버 소재의 정교한 목걸이.",50
16,더블 G 자개 목걸이,940000,"스털링 실버 목걸이. 구찌 아카이브에서 발췌한 아이코닉 엠블럼 더블 G 장식. 자개, 청록색 레진 및 토파즈 스톤 장식.",50
16,다이애그널 인터로킹 G 씬 반지,400000,"올 시즌, 태그, 참, 반지와 같은 실버 주얼리 뿐 아니라 GG 수프림, 레더, 패브릭 등 비금속 소재에서도 만나볼 수 있는 다이애그널 인터로킹 G 인그레이빙. 다이애그널 인터로킹 G 인그레이빙이 돋보이는 925 스털링 실버 소재 씬 반지.",50
16,다이애그널 인터로킹 G 귀걸이,380000,"올 시즌, 태그, 참, 반지와 같은 실버 주얼리 뿐 아니라 GG 수프림, 레더, 패브릭 등 비금속 소재에서도 만나볼 수 있는 다이애그널 인터로킹 G 인그레이빙. 다이애그널 인터로킹 G 인그레이빙이 돋보이는 925 스털링 실버 소재 스퀘어 귀걸이.",50
16,다이애그널 인터로킹 G 목걸이,610000,"올 시즌, 태그, 참, 반지와 같은 실버 주얼리 뿐 아니라 GG 수프림, 레더, 패브릭 등 비금속 소재에서도 만나볼 수 있는 다이애그널 인터로킹 G 인그레이빙. 다이애그널 인터로킹 G 인그레이빙과 버티컬 태그 펜던트가 돋보이는 925 스털링 실버 소재 목걸이.",50
16,다이애그널 인터로킹 G 반지,440000,"올 시즌, 태그, 참, 반지와 같은 실버 주얼리 뿐 아니라 GG 수프림, 레더, 패브릭 등 비금속 소재에서도 만나볼 수 있는 다이애그널 인터로킹 G 인그레이빙. 다이애그널 인터로킹 G 인그레이빙이 돋보이는 925 스털링 실버 소재 반지.",50
16,"다이애그널 인터로킹 G 목걸이
",770000,"올 시즌, 태그, 참, 반지와 같은 실버 주얼리 뿐 아니라 GG 수프림, 레더, 패브릭 등 비금속 소재에서도 만나볼 수 있는 다이애그널 인터로킹 G 인그레이빙. 다이애그널 인터로킹 G 인그레이빙과 세 개의 참이 특징인 925 스털링 실버 소재 목걸이.",50
16,다이애그널 인터로킹 G 싱글 귀걸이,340000,"올 시즌, 태그, 참, 반지와 같은 실버 주얼리 뿐 아니라 GG 수프림, 레더, 패브릭 등 비금속 소재에서도 만나볼 수 있는 다이애그널 인터로킹 G 인그레이빙. 태그 참의 다이애그널 인터로킹 G 인그레이빙이 시선을 사로잡는 925 스털링 실버 소재 싱글 후프 귀걸이.",50
16,다이애그널 인터로킹 G 반지,460000,"올 시즌, 태그, 참, 반지와 같은 실버 주얼리 뿐 아니라 GG 수프림, 레더, 패브릭 등 비금속 소재에서도 만나볼 수 있는 다이애그널 인터로킹 G 인그레이빙. 다이애그널 인터로킹 G 인그레이빙이 돋보이는 925 스털링 실버 소재 씬 반지.",50
16,다이애그널 인터로킹 G 팔찌,520000,"올 시즌, 태그, 참, 반지와 같은 실버 주얼리 뿐 아니라 GG 수프림, 레더, 패브릭 등 비금속 소재에서도 만나볼 수 있는 사선형 인터로킹 G 인그레이빙. 스털링 실버 디테일에 사선형 인터로킹 G 인그레이빙이 돋보이는 블랙 레더 팔찌.",50
16,랩 홀스빗 반지,480000,승마에서 영감을 받아 구조적이면서도 경쾌한 분위기를 살린 실버 주얼리 컬렉션. 랩 스타일 홀스빗 디자인에 구찌 인그레이빙 디테일을 새겨넣은 대담한 반지.,50
16,랩 홀스빗 귀걸이,770000,승마에서 영감을 받아 구조적이면서도 경쾌한 분위기를 살린 실버 주얼리 컬렉션. 랩 스타일 홀스빗 디자인에 구찌 인그레이빙 디테일을 새겨넣은 대담한 귀걸이.,50
16,랩 홀스빗 목걸이,610000,승마에서 영감을 받아 구조적이면서도 경쾌한 분위기를 살린 실버 주얼리 컬렉션. 랩 스타일 홀스빗 참을 매단 스털링 실버 소재의 펜던트 체인 목걸이.,50
16,싱글 랩 홀스빗 귀걸이,380000,승마에서 영감을 받아 구조적이면서도 경쾌한 분위기를 살린 실버 주얼리 컬렉션. 랩 스타일 홀스빗 디자인에 구찌 인그레이빙 디테일을 새겨넣은 대담한 귀걸이.,50
16,인터로킹 G 볼 체인 팔찌,610000,"기본적인 비즈 실루엣의 품격을 높인 컨템포러리 컬렉션. 다채로운 컬러의 에나멜을 장식한 목걸이, 팔찌, 커프링크스, 결혼 반지, 스크립트 반지, 참 장식, 이어 커프, 싱글 귀걸이와 함께 매일 착용해 캐주얼하고도 우아한 스타일을 연출할 수 있는 팔찌 디자인.  인터로킹 G 모티브가 시선을 사로잡는 블루 에나멜 디테일의 볼 팔찌.",50
16,인터로킹 G 볼 체인 목걸이,1070000,"기본적인 비즈 실루엣의 품격을 높인 컨템포러리 컬렉션. 다채로운 컬러의 에나멜을 장식한 목걸이, 팔찌, 커프링크스, 뱅 반지, 스크립트 반지, 참 장식, 이어 커프, 싱글 귀걸이와 함께 매일 착용해 캐주얼하고도 우아한 스타일을 연출할 수 있는 목걸이 디자인.  인터로킹 G 모티브가 시선을 사로잡는 블루 에나멜 디테일의 볼 목걸이.",50
16,인터로킹 G 볼 체인 목걸이,1470000,"기본적인 비즈 실루엣의 품격을 높인 컨템포러리 컬렉션. 다채로운 컬러의 에나멜을 장식한 목걸이, 팔찌, 커프링크스, 뱅 반지, 스크립트 반지, 참 장식, 이어 커프, 싱글 귀걸이와 함께 매일 착용해 캐주얼하고도 우아한 스타일을 연출할 수 있는 목걸이 디자인. 인터로킹 G 모티브가 시선을 사로잡는 블루 에나멜 디테일의 볼 목걸이.",50
16,인터로킹 G 볼 체인 팔찌,820000,"기본적인 비즈 실루엣의 품격을 높인 컨템포러리 컬렉션. 다채로운 컬러의 에나멜을 장식한 목걸이, 팔찌, 커프링크스, 결혼 반지, 스크립트 반지, 참 장식, 이어 커프, 싱글 귀걸이와 함께 매일 착용해 캐주얼하고도 우아한 스타일을 연출할 수 있는 팔찌 디자인.  인터로킹 G 모티브가 시선을 사로잡는 블루 에나멜 디테일의 볼 팔찌.",50
16,인터로킹 G 비즈 팔찌,820000,"기본적인 비즈 실루엣의 품격을 높인 컨템포러리 컬렉션. 다채로운 컬러의 에나멜을 장식한 목걸이, 팔찌, 커프링크스, 결혼 반지, 스크립트 반지, 참 장식, 이어 커프, 싱글 귀걸이와 함께 매일 착용해 캐주얼하고도 우아한 스타일을 연출할 수 있는 팔찌 디자인.  인터로킹 G 모티브가 시선을 사로잡는 컬러풀한 에나멜 디테일의 볼 팔찌.",50
16,인터로킹 G 볼 체인 목걸이,1470000,"기본적인 비즈 실루엣의 품격을 높인 컨템포러리 컬렉션. 다채로운 컬러의 에나멜을 장식한 목걸이, 팔찌, 커프링크스, 뱅 반지, 스크립트 반지, 참 장식, 이어 커프, 싱글 귀걸이와 함께 매일 착용해 캐주얼하고도 우아한 스타일을 연출할 수 있는 목걸이 디자인. 인터로킹 G 모티브가 시선을 사로잡는 컬러풀한 에나멜 디테일의 볼 목걸이.",50
16,더블 G 키 팔찌 ,390000,상단에 인상적인 더블 G가 있는 키 장식의 빈티지 피니시 스털링 실버 팔찌. 구찌만의 섬세한 감성으로 전문적이고 정교하게 만들어 동시대적인 매력의 클래식한 제품을 선보이는 구찌 실버 주얼리 컬렉션.,50
16,더블 G 키 반지,430000,빈티지한 더블 G가 있는 키 장식이 인상적인 스털링 실버 반지. 구찌만의 섬세한 감성으로 전문적이고 정교하게 만들어 동시대적인 매력의 클래식한 제품을 선보이는 구찌 실버 주얼리 컬렉션.,50
16,더블 G 목걸이 ,670000,GG 마몽 컬렉션에서 볼 수 있는 더블 G가 특징인 빈티지 피니시의 스털링 실버 목걸이. 구찌만의 섬세한 감성으로 전문적이고 정교하게 만들어 동시대적인 매력의 클래식한 제품을 선보이는 구찌 실버 주얼리 컬렉션.,50
16,더블 G 귀걸이 ,420000,하우스의 상징적인 모노그램을 토르숑 디자인으로 선보이는 스털링 실버 귀걸이. 구찌만의 섬세한 감성으로 전문적이고 정교하게 만들어 동시대적인 매력의 클래식한 제품을 선보이는 구찌 실버 주얼리 컬렉션. ,50
16,더블 G 팔찌 ,460000,하우스의 상징적인 모노그램을 토르숑 디자인으로 선보이는 스털링 실버 팔찌. 구찌만의 섬세한 감성으로 전문적이고 정교하게 만들어 동시대적인 매력의 클래식한 제품을 선보이는 구찌 실버 주얼리 컬렉션.,50
16,더블 G 반지 ,450000,하우스의 상징적인 모노그램을 토르숑 디자인으로 선보이는 얇은 스털링 실버 반지. 구찌만의 섬세한 감성으로 전문적이고 정교하게 만들어 동시대적인 매력의 클래식한 제품을 선보이는 구찌 실버 주얼리 컬렉션. ,50
16,[GG 마몽] 더블 G 디테일의 실버 반지,540000,1970년대 아카이브에서 차용한 아이템. 입체적인 스트라이프 디자인에 더블 G 세팅. 바이컬러 효과를 결합해 입체감을 더한 스털링 실버 반지. 파충류의 비늘을 연상시키는 인그레이빙과 스네이크 쉐입의 트리밍으로 장식된 테두리.,50
16,[GG 마몽] 더블 G 디테일의 실버 팔찌,670000,슬림형 커프스 팔찌. 1970년대 구찌 아카이브에서 차용한 벨트를 현대적인 감성으로 재해석한 더블 G 디테일. 실버 주얼리 컬렉션을 장식한 하우스의 독창적인 상징 및 패턴 인그레이빙 장식. 바이컬러 효과를 활용한 입체적인 스트라이프 디자인에 대조적인 분위기를 띤 시그니처 코드를 매치하여 깊이감을 더한 디자인.,50
17,인터로킹 G 싱글 귀걸이,370000,"믹스 매치로 나만의 룩을 연출할 수 있는 싱글 이어링은 이번 시즌의 다양한 레디-투-웨어 아이템과 어우러져 전통적인 룩에서 벗어난 스타일을 돋보이게 함. 싱글 이어링은 스터드, 후프, 롱 디자인으로 선보임. 또한, 여러 이어링에 달린 클립 클로저는 귀 어디에나 착용할 수 있음.",50
17,인터로킹 G 크리스털 싱글 귀걸이,590000,"믹스 매치로 나만의 룩을 연출할 수 있는 싱글 이어링은 이번 시즌의 다양한 레디-투-웨어 아이템과 어우러져 전통적인 룩에서 벗어난 스타일을 돋보이게 함. 싱글 이어링은 스터드, 후프, 롱 디자인으로 선보임. 또한, 여러 이어링에 달린 클립 클로저는 귀 어디에나 착용할 수 있음.",50
17,펄 참 싱글 이어링,640000,과감한 크리스털과 대비를 이루며 클래식한 뉴트럴 감성과 생생한 컬러에 섬세한 광채를 선사하는 패션 펄. 플레인 팔라듐 톤 메탈과 우아한 드롭 펄 참이 돋보이는 싱글 후프 이어링.,50
17,펄 및 크리스털 펜던트 싱글 이어링,640000,과감한 크리스털과 대비를 이루며 클래식한 뉴트럴 감성과 생생한 컬러에 섬세한 광채를 선사하는 패션 펄. 크리스털과 은은한 인터로킹 G로 완성된 드롭 펄 참이 돋보이는 싱글 펜던트 이어링.,50
17,'GUCCI' 레터 후프 귀걸이,820000,"새로운 두 가지 사이즈로 조형미가 강화된 구찌 스크립트. 팔찌, 목걸이, 싱글 귀걸이, 도장 반지 등을 옐로우 골드 톤과 로즈 골드 톤으로 선보이는 패션 주얼리 컬렉션. 조형적인 디자인의 구찌 로고가 돋보이는 옐로우 골드 톤 후프 귀걸이.",50
17,'GUCCI' 레터 목걸이,780000,"새로운 두 가지 사이즈로 조형미가 강화된 구찌 스크립트. 팔찌, 목걸이, 싱글 귀걸이, 도장 반지 등을 옐로우 골드 톤과 로즈 골드 톤으로 선보이는 패션 주얼리 컬렉션. 조형적인 구찌 로고가 돋보이는 골드 톤 메탈 목걸이.",50
17,'GUCCI' 레터 팔찌,640000,"새로운 두 가지 사이즈로 조형미가 강화된 구찌 스크립트. 팔찌, 목걸이, 싱글 귀걸이, 도장 반지 등을 옐로우 골드 톤과 로즈 골드 톤으로 선보이는 패션 주얼리 컬렉션. 조형적인 구찌 로고가 돋보이는 골드 톤 메탈 팔찌.",50
17,'GUCCI' 레터 싱글 귀걸이,520000,"새로운 두 가지 사이즈로 조형미가 강화된 구찌 스크립트. 팔찌, 목걸이, 싱글 귀걸이, 도장 반지 등을 옐로우 골드 톤과 로즈 골드 톤으로 선보이는 패션 주얼리 컬렉션. 크리스털 별과 글래스 펄, 조형적인 구찌 로고가 돋보이는 골드 톤 메탈 싱글 귀걸이.",50
17,'GUCCI' 레터 팔찌,940000,"새로운 두 가지 사이즈로 조형미가 강화된 구찌 스크립트. 팔찌, 목걸이, 싱글 귀걸이, 도장 반지 등을 옐로우 골드 톤과 로즈 골드 톤으로 선보이는 패션 주얼리 컬렉션. 크리스털과 조형적인 구찌 로고가 돋보이는 앤틱 로즈 골드 톤 메탈 팔찌.",50
17,'GUCCI' 레터 목걸이,1090000,"새로운 두 가지 사이즈로 조형미가 강화된 구찌 스크립트. 팔찌, 목걸이, 싱글 귀걸이, 도장 반지 등을 옐로우 골드 톤과 로즈 골드 톤으로 선보이는 패션 주얼리 컬렉션. 크리스털과 조형적인 구찌 로고가 돋보이는 로즈 골드 톤 메탈 목걸이.",50
17,[구찌 블론디] 펄 드롭 목걸이,860000,하우스의 시그니처 로고인 라운드 인터로킹 G로 포인트를 준 패션 주얼리 라인의 플레인 골드 톤 스타일과 골드 톤 디자인. 인터로킹 G가 한눈에 들어오는 글래스 펄 디테일의 우아한 목걸이.,50
17,[구찌 블론디] 후프 귀걸이,780000,하우스의 시그니처 로고인 라운드 인터로킹 G로 포인트를 준 패션 주얼리 라인의 플레인 골드 톤 스타일과 골드 톤 디자인. 후프 귀걸이를 따라 인터로킹 G를 장식해 시선을 사로잡는 실루엣을 완성함.,50
17,[구찌 블론디] 팔찌,730000,하우스의 시그니처 로고인 라운드 인터로킹 G로 포인트를 준 패션 주얼리 라인의 플레인 골드 톤 스타일과 골드 톤 디자인. 체인 팔찌를 따라 인터로킹 G를 장식하고 클래스프 클로저를 더해 완성함.,50
17,[구찌 블론디] 헤어 클립,560000,하우스의 시그니처 로고인 라운드 인터로킹 G로 포인트를 준 패션 주얼리 라인의 플레인 골드 톤 스타일과 골드 톤 디자인. 인터로킹 G가 돋보이는 우아한 메탈 헤어 클립.,50
17,[구찌 블론디] 에나멜 반지,600000,하우스의 시그니처 로고인 라운드 인터로킹 G로 포인트를 준 패션 주얼리 라인의 플레인 골드 톤 스타일과 블랙 에나멜 디테일의 골드 톤 디자인. 대담한 스타일의 반지를 따라 인터로킹 G를 장식해 하우스의 풍부한 헤리티지를 예찬함.,50
17,[구찌 블론디] 펄 귀걸이,730000,하우스의 시그니처 로고인 라운드 인터로킹 G로 포인트를 준 패션 주얼리 라인의 플레인 골드 톤 스타일과 블랙 에나멜 디테일의 골드 톤 디자인. 귀걸이를 따라 인터로킹 G를 장식하고 펄 디테일을 더해 시선을 사로잡는 실루엣을 완성함.,50
17,[구찌 블론디] 펜던트 목걸이,1180000,하우스의 시그니처 로고인 라운드 인터로킹 G로 포인트를 준 패션 주얼리 라인의 플레인 골드 톤 스타일과 블랙 에나멜 디테일의 골드 톤 디자인. 체인 펜던트 목걸이를 따라 인터로킹 G를 장식하고 클래스프 클로저와 펄 디테일을 더해 완성함.,50
17,인터로킹 G 귀걸이,580000,구찌 아리아 컬렉션에서는 그루멧 체인을 목걸이와 팔찌뿐만 아니라 작은 패션소품으로도 재해석해 선보임. 체인이 돋보이는 늘어뜨리는 형태의 귀걸이. 2개의 인터로킹 G 엠블럼이 그 어느 때보다 강렬한 로고 감성을 자아내며 패션소품을 완성함. ,50
17,크리스털 더블 G 귀걸이,730000,하우스의 상징적인 엠블럼인 창립자 구찌오 구찌(Guccio Gucci)의 이니셜이 돋보이는 패션 주얼리 아이템. 크리스털을 세팅한 더블 G로 반짝이는 로고 감성을 더한 스터드 귀걸이 디자인.,50
17,크리스털 더블 G 귀걸이,990000,하우스의 상징적인 엠블럼인 창립자 구찌오 구찌(Guccio Gucci)의 이니셜이 돋보이는 패션 주얼리 아이템. 크리스털 플라워 및 별이 돋보이는 더블 G 참 디테일을 더한 귀걸이. 컬렉션의 다른 귀걸이와 함께 개성을 담아낸 룩으로 스타일링하기 좋은 디자인.,50
17,크리스털 더블 G 목걸이,1640000,하우스의 상징적인 엠블럼인 창립자 구찌오 구찌(Guccio Gucci)의 이니셜이 돋보이는 목걸이. 크리스털을 세팅한 더블 G 펜던트와 4개의 참 디테일 및 앤틱 골드 톤 체인이 영롱하게 반짝이는 세련된 디자인을 완성함.,50
17,더블 G 크리스털 플라워 반지,900000,하우스의 상징적인 엠블럼인 창립자 구찌오 구찌(Guccio Gucci)의 이니셜이 돋보이는 패션 주얼리 아이템. 크리스털을 세팅해 눈부시게 반짝이는 세련된 더블 G 반지.,50
17,크리스털 더블 G 싱글 귀걸이,730000,하우스의 상징적인 엠블럼인 창립자 구찌오 구찌(Guccio Gucci)의 이니셜이 돋보이는 패션 주얼리 아이템. 크리스털을 세팅해 눈부시게 반짝이는 세련된 더블 G 싱글 귀걸이.,50
17,싱글 크리스털 더블 G 귀걸이 ,540000,구찌 아카이브에서 발췌한 아이코닉 엠블럼 더블 G가 장식된 싱글 귀걸이. 2020 크루즈 컬렉션 전반에 걸쳐 꿈결 같은 감성을 부여하는 스파클링 크리스털 드롭.,50
17,더블 G 크리스털 플라워 브로치,990000,하우스의 상징적인 엠블럼인 창립자 구찌오 구찌(Guccio Gucci)의 이니셜이 돋보이는 브로치. 반짝이는 크리스털로 앤틱 골드 톤 로고를 감싸 세련된 느낌을 더한 디자인.,50
17,더블 G 크리스털 플라워 팔찌 ,2360000,하우스의 상징적인 엠블럼인 창립자 구찌오 구찌(Guccio Gucci)의 이니셜이 돋보이는 패션 주얼리 아이템. 크리스털 디테일이 앤틱 골드 톤 체인과 어우러져 영롱하게 반짝이는 세련된 더블 G 팔찌.,50
17,홀스빗 팔찌,990000,이번 시즌 남성 컬렉션의 새로운 팔찌. 하우스를 대표하는 두 가지 아카이브 요소인 재키 1961의 피스톤 락과 홀스빗 1955의 더블 링 및 바 메탈 장식을 결합하여 컨템포러리 디자인을 완성. 팔라듐 톤 마감으로도 선보임.,50
17,홀스빗 팔찌,990000,이번 시즌 남성 컬렉션의 새로운 팔찌. 하우스를 대표하는 두 가지 아카이브 요소인 재키 1961의 피스톤 락과 홀스빗 1955의 더블 링 및 바 메탈 장식을 결합하여 컨템포러리 디자인을 완성. 빈티지 골드 톤 마감으로도 선보임.,50
17,인터로킹 G 그루멧 체인 반지,490000,구찌 아리아 컬렉션에서는 그루멧 체인을 목걸이와 팔찌뿐만 아니라 작은 패션소품으로도 재해석해 선보임. 체인이 돋보이는 팔라듐 톤 반지. 독특한 로고 감성을 자아내는 인터로킹 G 엠블럼으로 패션소품을 완성함. ,50
17,인터로킹 G 그루멧 체인 반지,490000,구찌 아리아 컬렉션에서는 그루멧 체인을 목걸이와 팔찌뿐만 아니라 작은 패션소품으로도 재해석해 선보임. 체인이 돋보이는 옐로우 골드 톤 반지. 독특한 로고 감성을 자아내는 인터로킹 G 엠블럼으로 패션소품을 완성함. ,50
17,인터로킹 G 후프 귀걸이,710000,구찌 아리아 컬렉션에서는 그루멧 체인을 목걸이와 팔찌뿐만 아니라 작은 패션소품으로도 재해석해 선보임. 체인으로 구성된 후프 귀걸이. 상징적인 인터로킹 G 로고로 완성함. ,50
17,인터로킹 G 후프 귀걸이,710000,구찌 아리아 컬렉션에서는 그루멧 체인을 목걸이와 팔찌뿐만 아니라 작은 패션소품으로도 재해석해 선보임. 체인으로 구성된 후프 귀걸이. 상징적인 인터로킹 G 로고로 완성함. ,50
17,인터로킹 G 팔찌,1110000,다크 그레이 팔라듐 피니시의 현대적인 감성이 돋보이는 그루멧 체인 팔찌. 창립자 구찌오 구찌(Guccio Gucci)의 이니셜을 상징하는 인터로킹 G를 작은 로고 디테일로 선보임. ,50
17,인터로킹 G 팔찌,1110000,구찌 아리아 컬렉션에서 새롭게 선보이는 옐로우 골드 톤 피니시의 청키한 그루멧 체인 팔찌. 인터로킹 G로 컨템포러리 스타일에 한층 매력적인 로고 감성을 더함.,50
17,인터로킹 G 목걸이,1300000,다크 그레이 팔라듐 피니시의 현대적인 감성이 돋보이는 그루멧 체인 목걸이. 창립자 구찌오 구찌(Guccio Gucci)의 이니셜을 상징하는 인터로킹 G를 작은 로고 디테일로 선보임. ,50
17,인터로킹 G 목걸이,1440000,구찌 아리아 컬렉션에서 새롭게 선보이는 팔라듐 피니시의 그루멧 체인 목걸이. 인터로킹 G로 디자인에 한층 매력적인 로고 감성을 더함.,50
18,"[G-타임리스] 비 시계, 32mm",2580000,"1970년대 아카이브의 유서 깊은 심볼인 구찌 벌과 다크 블루 라피스 스톤 다이얼, 스틸 스트랩을 결합한 디자인. 클래식한 디테일과 현대적인 미학을 결합한 G-타임리스 컬렉션으로 시간을 초월하는 매력적이고 우아한 시계를 완성합니다.",50
18,"[G-타임리스] 비 시계, 32mm",2190000,G-타임리스 컬렉션은 매 시즌 새로운 방식으로 상징적인 하우스 코드를 탐구함. 터콰이즈 스톤 다이얼이 돋보이는 실버 케이스 프레임을 구성하고 유서 깊은 구찌 벌 모티브를 장식한 시계. ,50
18,"[G-타임리스] 비 시계, 32mm",2400000,엘리게이터 레더 스트랩과 실버 선브러쉬드 다이얼을 구성하고 구찌의 새로운 미학을 반영한 코드를 조합한 G-타임리스 컬렉션의 시계. 상징적인 벌 모티브를 더한 다이얼. ,50
18,"[G-타임리스] 비 시계, 32mm",2580000,블랙 엘리게이터 레더 스트랩과 블랙 오닉스 스톤 다이얼을 구성하고 구찌의 새로운 미학을 반영한 코드를 조합한 G-타임리스 컬렉션의 시계. 상징적인 벌 모티브를 더한 다이얼. ,50
18,"[G-타임리스] 멀티비 시계, 38mm",2800000,스틸 케이스와 스트랩으로 디자인된 G-타임리스 컬렉션의 오토매틱 시계 옐로우 골드 선브러쉬드 다이얼 및 반사 방지 코팅이 적용된 사파이어 글래스가 특징적인 시계 하우스의 시그니처 심볼인 벌이 그려진 시계 중앙 디자인.,50
18,"[G-타임리스] 비(Bee) 시계, 32mm",2060000,"1970년대 아카이브의 유서 깊은 심볼인 구찌 벌과 선브러시드 다이얼, 스틸 스트랩을 결합한 디자인. 클래식한 디테일과 현대적인 미학을 결합한 G-타임리스 컬렉션으로 시간을 초월하는 매력적이고 우아한 시계를 완성함.",50
18,"[G-타임리스] 비(Bee) 시계, 32mm",2060000,"1970년대 아카이브의 유서 깊은 심볼인 구찌 벌과 선브러시드 다이얼, 스틸 스트랩을 결합한 디자인. 클래식한 디테일과 현대적인 미학을 결합한 G-타임리스 컬렉션으로 시간을 초월하는 매력적이고 우아한 시계를 완성함.",50
18,"[G-타임리스] 비(Bee) 시계, 32mm",2060000,"1970년대 아카이브의 유서 깊은 심볼인 구찌 벌과 핑크 래커드 다이얼, 스틸 스트랩을 결합한 디자인. 클래식한 디테일과 현대적인 미학을 결합한 G-타임리스 컬렉션으로 시간을 초월하는 매력적이고 우아한 시계를 완성함.",50
18,"[구찌 25H] 시계, 34mm",2620000,현대적인 건축물의 세련된 형태에서 영감을 받아 디자인된 구찌 25H. 얇은 멀티 레이어 케이스와 화이트 레더 스트랩으로 디자인하고 골드 브래스 다이얼과 인터로킹 G 모티브로 완성한 시계.,50
18,"[구찌 25H] 시계, 34mm",2620000,현대적인 건축물의 세련된 형태에서 영감을 받아 디자인된 구찌 25H. 얇은 멀티 레이어 케이스와 레드 레더 스트랩으로 디자인하고 골드 브래스 다이얼과 인터로킹 G 모티브로 완성한 시계.,50
18,"[구찌 25H] 시계, 38mm ",2990000,현대적인 건축물의 세련된 형태에서 영감을 받아 디자인된 구찌 25H. 얇은 멀티 레이어 케이스와 5단 스틸 팔찌로 선보이는 시계의 디자인은 다이아몬드 및 인터로킹 G 모티브로 완성함. 크리에이티브 디렉터 알레산드로 미켈레의 행운의 숫자에서 영감을 얻은 구찌 25H라는 라인명.,50
18,"[구찌 25H] 시계, 34mm",2800000,현대적인 건축물의 세련된 형태에서 영감을 받아 디자인된 구찌 25H. 얇은 멀티 레이어 케이스와 5단 스틸 팔찌로 선보이는 시계의 디자인은 다이아몬드 및 인터로킹 G 모티브로 완성함. 크리에이티브 디렉터 알레산드로 미켈레의 행운의 숫자에서 영감을 얻은 구찌 25H라는 라인명.,50
18,"[구찌 25H] 시계, 38mm",2450000,현대적인 건축물의 세련된 형태에서 영감을 받아 디자인된 구찌 25H. 얇은 멀티 레이어 케이스와 5단 스틸 팔찌로 선보이는 시계의 디자인은 다이아몬드 및 인터로킹 G 모티브로 완성함. 크리에이티브 디렉터 알레산드로 미켈레의 행운의 숫자에서 영감을 얻은 구찌 25H라는 라인명.,50
18,"[구찌 25H] 시계, 34mm",2270000,현대적인 건축물의 세련된 형태에서 영감을 받아 디자인된 구찌 25H. 얇은 멀티 레이어 케이스와 5단 스틸 팔찌로 선보이는 시계의 디자인은 다이아몬드 및 인터로킹 G 모티브로 완성함. 크리에이티브 디렉터 알레산드로 미켈레의 행운의 숫자에서 영감을 얻은 구찌 25H라는 라인명.,50
18,"[구찌 25H] 시계, 30mm",2620000,"현대적인 건축물의 세련된 형태에서 영감을 받아 디자인된 구찌 25H. 얇은 멀티 레이어 케이스와 5단 스틸 팔찌로 선보이는 시계로, 모노그램 디테일 및 골드 톤 다이얼로 디자인을 완성함. 크리에이티브 디렉터 알레산드로 미켈레의 행운의 숫자에서 영감을 얻은 구찌 25H라는 라인명.",50
18,[G-타임리스] 시계,2190000,G-타임리스 컬렉션을 구성하는 스틸 케이스와 및 옐로우 골드 PVD 베젤로 구찌의 전통적인 감수성이 담긴 디자인. ,50
18,"[G-타임리스] 시계, 27mm
",1870000,"스틸 케이스와 팔찌, 파스텔 핑크 자개 다이얼로 완성한 2020 크루즈 컬렉션의 새로운 G-타임리스. 중앙의 미스틱 캣 모티브를 둘러싼 별, 비(Bee) 모양과 인터로킹 G 등 구찌의 하우스 코드로 인덱스를 표현.",50
18,"[G-타임리스] 아이코닉 시계, 27mm",2060000,"다이아몬드 인덱스가 돋보이는, 하우스 시그니처 코드인 구찌 벌 디테일의 G-타임리스 시계. 스틸 케이스는 팔찌에 이어져 손목을 감싸는 디자인.",50
18,"[G-타임리스] 시계, 27mm ",1660000,"시계의 디자인에는 구찌의 새로운 미학에서 영감을 받은 상징과 전통적인 감성이 어우러져 있습니다. 이러한 측면은 시계 다이얼 디자인에서 잘 드러납니다. 다이얼에는 벌, 별, 하트뿐 아니라 케이스 뒷면에서 볼 수 있는 전형적인 요소가 표현되어 있습니다.",50
18,"[G-타임리스] 시계, 27mm",1870000,"구찌의 새로운 미학에서 영감을 받은 코드와 전통적인 감각을 접목시켜 디자인된 시계. 벌과 별 모양, 하트를 포함한 하우스의 모티브와 케이스 뒷면에 주로 장식되는 요소들을 선보이는 다이얼 디자인. ",50
18,[G-타임리스] 27mm 시계,1660000,"G-타임리스 컬렉션을 구성하는 이 시계는 전통적인 감수성을 담은 디자인과 구찌의 새로운 미학에서 영감을 받은 아이콘이 함께 적용되어 대비를 이룹니다. 벌, 별, 하트 모양을 비롯한 구찌의 대표적인 모티브들이 다이얼을 장식하고 있습니다.",50
18,"[G-타임리스] 시계, 29mm",2090000,G-타임리스 컬렉션은 매 시즌 새로운 방식으로 상징적인 하우스 코드를 탐구함. 대표적인 구찌 심볼인 벌을 시계에 은은한 디테일로 구현함. 시계의 핑크 다이얼은 스틸 및 골드 PVD 팔찌와 결합하여 섬세한 감성을 더함. ,50
18,"[G-타임리스] 시계, 29mm",2090000,G-타임리스 컬렉션은 매 시즌 새로운 방식으로 상징적인 하우스 코드를 탐구함. 대표적인 구찌 심볼인 벌을 시계에 은은한 디테일로 구현함. 시계의 블루 다이얼은 스틸 및 골드 PVD 팔찌와 결합하여 섬세한 감성을 더함. ,50
18,"[G-타임리스] 비 시계, 36 mm",2270000,G-타임리스 컬렉션에서 선보인 옐로우 골드 PVD 클래식 시계는 블루 다이얼과 전통적인 감각을 조화롭게 담아 디자인을 완성함. 벌을 모티브로 한 특별한 초침이 돋보이는 디자인.,50
18,[G-타임리스] 시계,4050000,"블루 오닉스 스톤 다이얼, 하우스의 시그니처 코드인 골드 톤의 구찌 비(Bee) 모양으로 인덱스를 표현한 G-타임리스 컬렉션의 오토매틱 시계. 케이스와 스틸 팔찌가 매끄럽게 이어져 손목을 감싸는 디자인.",50
18,"[G-타임리스] 시계, 36mm",2190000,화이트 레더 스트랩과 옐로우 골드 PVD 케이스가 돋보이는 G-타임리스 컬렉션의 선브러시드 다이얼 시계. 유서 깊은 하우스 코드인 벌을 시곗바늘의 한쪽에 은은한 디테일로 구현함.,50
18,"[G-타임리스] 비(Bee) 시계, 36 mm",2190000,G-타임리스 컬렉션은 매 시즌 새로운 방식으로 상징적인 하우스 코드를 탐구함. 대표적인 구찌 심볼인 벌을 시계에 은은한 디테일로 구현함. 실버 선브러쉬드 다이얼과 브라운 램스킨 스트랩으로 이루어진 스타일.,50
18,"[G-타임리스] 시계, 36mm",2190000,블랙 레더 스트랩과 옐로우 골드 PVD 케이스가 돋보이는 G-타임리스 컬렉션의 선브러시드 다이얼 시계. 유서 깊은 하우스 코드인 벌을 시곗바늘의 한쪽에 은은한 디테일로 구현함.,50
18,"[G-타임리스] 비(Bee) 시계, 29mm",2060000,G-타임리스 컬렉션은 매 시즌 새로운 방식으로 상징적인 하우스 코드를 탐구함. 대표적인 구찌 심볼인 벌을 시계에 은은한 디테일로 구현함. 골드 선브러쉬드 다이얼과 라이트 핑크 램스킨 스트랩으로 이루어진 스타일.,50
18,"[G-타임리스] 비(Bee) 시계, 29mm",1870000,G-타임리스 컬렉션은 매 시즌 새로운 방식으로 상징적인 하우스 코드를 탐구함. 대표적인 구찌 심볼인 벌을 시계에 은은한 디테일로 구현함. 실버 선브러쉬드 다이얼과 라이트 블루 램스킨 스트랩으로 이루어진 스타일.,50
18,"[G-타임리스] 시계, 29mm",2060000,"G-타임리스 컬렉션 중 하나로, 햇빛을 받으면 반사하는 자연스러운 광택이 가미된 다이얼에 옐로우 골드 PVD 소재 및 토프 램스킨 스트랩으로 구찌만의 전통적인 감수성이 담긴 디자인. 벌 모티브 초침으로 특별함을 더함.",50
18,"[G-타임리스] 시계, 29mm",2190000,"G-타임리스 컬렉션 중 하나로, 옐로우 골드 PVD 소재의 클래식한 감성에 햇빛을 받으면 반사하는 자연스러운 광택이 가미된 다이얼로 구찌만의 전통적인 감수성이 담긴 디자인. 벌 모티브 초침으로 특별함을 더함.",50
18,"[G-타임리스] 시계, 36mm",2190000,"G-타임리스 컬렉션 중 하나로, 스틸이라는 클래식한 감성에 햇빛을 받으면 반사하는 자연스러운 광택이 가미된 다이얼로 구찌만의 전통적인 감수성이 담긴 디자인. 벌과 별 인덱스 그리고 벌 모티브 초침으로 특별함을 더함.",50
18,"[G-타임리스] 시계, 29mm",2060000,"G-타임리스 컬렉션 중 하나로, 스틸이라는 클래식한 감성에 햇빛을 받으면 반사하는 자연스러운 광택이 가미된 다이얼로 구찌만의 전통적인 감수성이 담긴 디자인. 벌 모티브 초침으로 특별함을 더함.",50
18,"[구찌 다이브] 시계, 40mm",2400000,2019년 크루즈 컬렉션을 위해 로고가 엠보싱 처리된 고무 스트랩의 캐주얼한 룩에 옐로우 골드 PVD 케이스에 있는 구찌의 상징적인 모티브인 펠린 헤드가 결합되었습니다.,50
18,"[G-타임리스] 시계, 38mm ",1870000,"G-타임리스 컬렉션을 구성하는 이 시계는 전통적인 감수성을 담은 디자인과 구찌의 새로운 미학에서 영감을 받은 아이콘이 함께 적용되어 대비를 이룹니다. 벌, 별, 하트 모양을 비롯한 구찌의 대표적인 모티브들이 다이얼을 장식하고 있습니다.",50
